curr_gen,fitness,genome,min_samples_leaf,min_samples_split,max_features
0,0.7239336492890995,['S60L', 'H2FV3', 'H1IR12', 'H2DS5', 'H2DS3', 'H1FS15', 'H2FS8', 'H1FS16', 'H1FS4', 'H1PF34', 'S62M', 'H1DS15', 'H1TO3', 'H1TO9', 'H1PF31', 'H1SE4', 'H1PF26', 'H2ED15', 'H2WP14', 'H2PF26', 'H1RM14', 'H1ED24', 'H2PR3', 'H2GH25', 'H2PF8', 'H2TO28', 'H2WP2', 'H1GH20', 'S59E', 'H2TO30'],86,39,21
1,0.7239336492890995,['S60L', 'H2FV3', 'H1IR12', 'H2DS5', 'H2DS3', 'H1FS15', 'H2FS8', 'H1FS16', 'H1FS4', 'H1PF34', 'S62M', 'H1DS15', 'H1TO3', 'H1TO9', 'H1PF31', 'H1SE4', 'H1PF26', 'H2ED15', 'H2WP14', 'H2PF26', 'H1RM14', 'H1ED24', 'H2PR3', 'H2GH25', 'H2PF8', 'H2TO28', 'H2WP2', 'H1GH20', 'S59E', 'H2TO30'],86,39,21
2,0.7239336492890995,['S60L', 'H2FV3', 'H1IR12', 'H2DS5', 'H2DS3', 'H1FS15', 'H2FS8', 'H1FS16', 'H1FS4', 'H1PF34', 'S62M', 'H1DS15', 'H1TO3', 'H1TO9', 'H1PF31', 'H1SE4', 'H1PF26', 'H2ED15', 'H2WP14', 'H2PF26', 'H1RM14', 'H1ED24', 'H2PR3', 'H2GH25', 'H2PF8', 'H2TO28', 'H2WP2', 'H1GH20', 'S59E', 'H2TO30'],86,39,21
3,0.7239336492890995,['S60L', 'H2FV3', 'H1IR12', 'H2DS5', 'H2DS3', 'H1FS15', 'H2FS8', 'H1FS16', 'H1FS4', 'H1PF34', 'S62M', 'H1DS15', 'H1TO3', 'H1TO9', 'H1PF31', 'H1SE4', 'H1PF26', 'H2ED15', 'H2WP14', 'H2PF26', 'H1RM14', 'H1ED24', 'H2PR3', 'H2GH25', 'H2PF8', 'H2TO28', 'H2WP2', 'H1GH20', 'S59E', 'H2TO30'],86,39,21
4,0.7239336492890995,['S60L', 'H2FV3', 'H1IR12', 'H2DS5', 'H2DS3', 'H1FS15', 'H2FS8', 'H1FS16', 'H1FS4', 'H1PF34', 'S62M', 'H1DS15', 'H1TO3', 'H1TO9', 'H1PF31', 'H1SE4', 'H1PF26', 'H2ED15', 'H2WP14', 'H2PF26', 'H1RM14', 'H1ED24', 'H2PR3', 'H2GH25', 'H2PF8', 'H2TO28', 'H2WP2', 'H1GH20', 'S59E', 'H2TO30'],86,39,21
5,0.7239336492890995,['S60L', 'H2FV3', 'H1IR12', 'H2DS5', 'H2DS3', 'H1FS15', 'H2FS8', 'H1FS16', 'H1FS4', 'H1PF34', 'S62M', 'H1DS15', 'H1TO3', 'H1TO9', 'H1PF31', 'H1SE4', 'H1PF26', 'H2ED15', 'H2WP14', 'H2PF26', 'H1RM14', 'H1ED24', 'H2PR3', 'H2GH25', 'H2PF8', 'H2TO28', 'H2WP2', 'H1GH20', 'S59E', 'H2TO30'],86,39,21
6,0.7239336492890995,['S60L', 'H2FV3', 'H1IR12', 'H2DS5', 'H2DS3', 'H1FS15', 'H2FS8', 'H1FS16', 'H1FS4', 'H1PF34', 'S62M', 'H1DS15', 'H1TO3', 'H1TO9', 'H1PF31', 'H1SE4', 'H1PF26', 'H2ED15', 'H2WP14', 'H2PF26', 'H1RM14', 'H1ED24', 'H2PR3', 'H2GH25', 'H2PF8', 'H2TO28', 'H2WP2', 'H1GH20', 'S59E', 'H2TO30'],86,39,21
7,0.7239336492890995,['S60L', 'H2FV3', 'H1IR12', 'H2DS5', 'H2DS3', 'H1FS15', 'H2FS8', 'H1FS16', 'H1FS4', 'H1PF34', 'S62M', 'H1DS15', 'H1TO3', 'H1TO9', 'H1PF31', 'H1SE4', 'H1PF26', 'H2ED15', 'H2WP14', 'H2PF26', 'H1RM14', 'H1ED24', 'H2PR3', 'H2GH25', 'H2PF8', 'H2TO28', 'H2WP2', 'H1GH20', 'S59E', 'H2TO30'],86,39,21
8,0.7239336492890995,['S60L', 'H2FV3', 'H1IR12', 'H2DS5', 'H2DS3', 'H1FS15', 'H2FS8', 'H1FS16', 'H1FS4', 'H1PF34', 'S62M', 'H1DS15', 'H1TO3', 'H1TO9', 'H1PF31', 'H1SE4', 'H1PF26', 'H2ED15', 'H2WP14', 'H2PF26', 'H1RM14', 'H1ED24', 'H2PR3', 'H2GH25', 'H2PF8', 'H2TO28', 'H2WP2', 'H1GH20', 'S59E', 'H2TO30'],86,39,21
9,0.7239336492890995,['S60L', 'H2FV3', 'H1IR12', 'H2DS5', 'H2DS3', 'H1FS15', 'H2FS8', 'H1FS16', 'H1FS4', 'H1PF34', 'S62M', 'H1DS15', 'H1TO3', 'H1TO9', 'H1PF31', 'H1SE4', 'H1PF26', 'H2ED15', 'H2WP14', 'H2PF26', 'H1RM14', 'H1ED24', 'H2PR3', 'H2GH25', 'H2PF8', 'H2TO28', 'H2WP2', 'H1GH20', 'S59E', 'H2TO30'],86,39,21
10,0.7239336492890995,['S60L', 'H2FV3', 'H1IR12', 'H2DS5', 'H2DS3', 'H1FS15', 'H2FS8', 'H1FS16', 'H1FS4', 'H1PF34', 'S62M', 'H1DS15', 'H1TO3', 'H1TO9', 'H1PF31', 'H1SE4', 'H1PF26', 'H2ED15', 'H2WP14', 'H2PF26', 'H1RM14', 'H1ED24', 'H2PR3', 'H2GH25', 'H2PF8', 'H2TO28', 'H2WP2', 'H1GH20', 'S59E', 'H2TO30'],86,39,21
11,0.7239336492890995,['S60L', 'H2FV3', 'H1IR12', 'H2DS5', 'H2DS3', 'H1FS15', 'H2FS8', 'H1FS16', 'H1FS4', 'H1PF34', 'S62M', 'H1DS15', 'H1TO3', 'H1TO9', 'H1PF31', 'H1SE4', 'H1PF26', 'H2ED15', 'H2WP14', 'H2PF26', 'H1RM14', 'H1ED24', 'H2PR3', 'H2GH25', 'H2PF8', 'H2TO28', 'H2WP2', 'H1GH20', 'S59E', 'H2TO30'],86,39,21
12,0.7239336492890995,['S60L', 'H2FV3', 'H1IR12', 'H2DS5', 'H2DS3', 'H1FS15', 'H2FS8', 'H1FS16', 'H1FS4', 'H1PF34', 'S62M', 'H1DS15', 'H1TO3', 'H1TO9', 'H1PF31', 'H1SE4', 'H1PF26', 'H2ED15', 'H2WP14', 'H2PF26', 'H1RM14', 'H1ED24', 'H2PR3', 'H2GH25', 'H2PF8', 'H2TO28', 'H2WP2', 'H1GH20', 'S59E', 'H2TO30'],86,39,21
13,0.7239336492890995,['S60L', 'H2FV3', 'H1IR12', 'H2DS5', 'H2DS3', 'H1FS15', 'H2FS8', 'H1FS16', 'H1FS4', 'H1PF34', 'S62M', 'H1DS15', 'H1TO3', 'H1TO9', 'H1PF31', 'H1SE4', 'H1PF26', 'H2ED15', 'H2WP14', 'H2PF26', 'H1RM14', 'H1ED24', 'H2PR3', 'H2GH25', 'H2PF8', 'H2TO28', 'H2WP2', 'H1GH20', 'S59E', 'H2TO30'],86,39,21
14,0.7239336492890995,['S60L', 'H2FV3', 'H1IR12', 'H2DS5', 'H2DS3', 'H1FS15', 'H2FS8', 'H1FS16', 'H1FS4', 'H1PF34', 'S62M', 'H1DS15', 'H1TO3', 'H1TO9', 'H1PF31', 'H1SE4', 'H1PF26', 'H2ED15', 'H2WP14', 'H2PF26', 'H1RM14', 'H1ED24', 'H2PR3', 'H2GH25', 'H2PF8', 'H2TO28', 'H2WP2', 'H1GH20', 'S59E', 'H2TO30'],86,39,21
15,0.7239336492890995,['S60L', 'H2FV3', 'H1IR12', 'H2DS5', 'H2DS3', 'H1FS15', 'H2FS8', 'H1FS16', 'H1FS4', 'H1PF34', 'S62M', 'H1DS15', 'H1TO3', 'H1TO9', 'H1PF31', 'H1SE4', 'H1PF26', 'H2ED15', 'H2WP14', 'H2PF26', 'H1RM14', 'H1ED24', 'H2PR3', 'H2GH25', 'H2PF8', 'H2TO28', 'H2WP2', 'H1GH20', 'S59E', 'H2TO30'],86,39,21
16,0.7239336492890995,['S60L', 'H2FV3', 'H1IR12', 'H2DS5', 'H2DS3', 'H1FS15', 'H2FS8', 'H1FS16', 'H1FS4', 'H1PF34', 'S62M', 'H1DS15', 'H1TO3', 'H1TO9', 'H1PF31', 'H1SE4', 'H1PF26', 'H2ED15', 'H2WP14', 'H2PF26', 'H1RM14', 'H1ED24', 'H2PR3', 'H2GH25', 'H2PF8', 'H2TO28', 'H2WP2', 'H1GH20', 'S59E', 'H2TO30'],86,39,21
17,0.7239336492890995,['S60L', 'H2FV3', 'H1IR12', 'H2DS5', 'H2DS3', 'H1FS15', 'H2FS8', 'H1FS16', 'H1FS4', 'H1PF34', 'S62M', 'H1DS15', 'H1TO3', 'H1TO9', 'H1PF31', 'H1SE4', 'H1PF26', 'H2ED15', 'H2WP14', 'H2PF26', 'H1RM14', 'H1ED24', 'H2PR3', 'H2GH25', 'H2PF8', 'H2TO28', 'H2WP2', 'H1GH20', 'S59E', 'H2TO30'],86,39,21
18,0.7239336492890995,['S60L', 'H2FV3', 'H1IR12', 'H2DS5', 'H2DS3', 'H1FS15', 'H2FS8', 'H1FS16', 'H1FS4', 'H1PF34', 'S62M', 'H1DS15', 'H1TO3', 'H1TO9', 'H1PF31', 'H1SE4', 'H1PF26', 'H2ED15', 'H2WP14', 'H2PF26', 'H1RM14', 'H1ED24', 'H2PR3', 'H2GH25', 'H2PF8', 'H2TO28', 'H2WP2', 'H1GH20', 'S59E', 'H2TO30'],86,39,21
19,0.7239336492890995,['S60L', 'H2FV3', 'H1IR12', 'H2DS5', 'H2DS3', 'H1FS15', 'H2FS8', 'H1FS16', 'H1FS4', 'H1PF34', 'S62M', 'H1DS15', 'H1TO3', 'H1TO9', 'H1PF31', 'H1SE4', 'H1PF26', 'H2ED15', 'H2WP14', 'H2PF26', 'H1RM14', 'H1ED24', 'H2PR3', 'H2GH25', 'H2PF8', 'H2TO28', 'H2WP2', 'H1GH20', 'S59E', 'H2TO30'],86,39,21
20,0.7239336492890995,['S60L', 'H2FV3', 'H1IR12', 'H2DS5', 'H2DS3', 'H1FS15', 'H2FS8', 'H1FS16', 'H1FS4', 'H1PF34', 'S62M', 'H1DS15', 'H1TO3', 'H1TO9', 'H1PF31', 'H1SE4', 'H1PF26', 'H2ED15', 'H2WP14', 'H2PF26', 'H1RM14', 'H1ED24', 'H2PR3', 'H2GH25', 'H2PF8', 'H2TO28', 'H2WP2', 'H1GH20', 'S59E', 'H2TO30'],86,39,21
21,0.7239336492890995,['S60L', 'H2FV3', 'H1IR12', 'H2DS5', 'H2DS3', 'H1FS15', 'H2FS8', 'H1FS16', 'H1FS4', 'H1PF34', 'S62M', 'H1DS15', 'H1TO3', 'H1TO9', 'H1PF31', 'H1SE4', 'H1PF26', 'H2ED15', 'H2WP14', 'H2PF26', 'H1RM14', 'H1ED24', 'H2PR3', 'H2GH25', 'H2PF8', 'H2TO28', 'H2WP2', 'H1GH20', 'S59E', 'H2TO30'],86,39,21
22,0.7239336492890995,['S60L', 'H2FV3', 'H1IR12', 'H2DS5', 'H2DS3', 'H1FS15', 'H2FS8', 'H1FS16', 'H1FS4', 'H1PF34', 'S62M', 'H1DS15', 'H1TO3', 'H1TO9', 'H1PF31', 'H1SE4', 'H1PF26', 'H2ED15', 'H2WP14', 'H2PF26', 'H1RM14', 'H1ED24', 'H2PR3', 'H2GH25', 'H2PF8', 'H2TO28', 'H2WP2', 'H1GH20', 'S59E', 'H2TO30'],86,39,21
23,0.7239336492890995,['S60L', 'H2FV3', 'H1IR12', 'H2DS5', 'H2DS3', 'H1FS15', 'H2FS8', 'H1FS16', 'H1FS4', 'H1PF34', 'S62M', 'H1DS15', 'H1TO3', 'H1TO9', 'H1PF31', 'H1SE4', 'H1PF26', 'H2ED15', 'H2WP14', 'H2PF26', 'H1RM14', 'H1ED24', 'H2PR3', 'H2GH25', 'H2PF8', 'H2TO28', 'H2WP2', 'H1GH20', 'S59E', 'H2TO30'],86,39,21
24,0.7239336492890995,['S60L', 'H2FV3', 'H1IR12', 'H2DS5', 'H2DS3', 'H1FS15', 'H2FS8', 'H1FS16', 'H1FS4', 'H1PF34', 'S62M', 'H1DS15', 'H1TO3', 'H1TO9', 'H1PF31', 'H1SE4', 'H1PF26', 'H2ED15', 'H2WP14', 'H2PF26', 'H1RM14', 'H1ED24', 'H2PR3', 'H2GH25', 'H2PF8', 'H2TO28', 'H2WP2', 'H1GH20', 'S59E', 'H2TO30'],86,39,21
25,0.7239336492890995,['S60L', 'H2FV3', 'H1IR12', 'H2DS5', 'H2DS3', 'H1FS15', 'H2FS8', 'H1FS16', 'H1FS4', 'H1PF34', 'S62M', 'H1DS15', 'H1TO3', 'H1TO9', 'H1PF31', 'H1SE4', 'H1PF26', 'H2ED15', 'H2WP14', 'H2PF26', 'H1RM14', 'H1ED24', 'H2PR3', 'H2GH25', 'H2PF8', 'H2TO28', 'H2WP2', 'H1GH20', 'S59E', 'H2TO30'],86,39,21
26,0.7239336492890995,['S60L', 'H2FV3', 'H1IR12', 'H2DS5', 'H2DS3', 'H1FS15', 'H2FS8', 'H1FS16', 'H1FS4', 'H1PF34', 'S62M', 'H1DS15', 'H1TO3', 'H1TO9', 'H1PF31', 'H1SE4', 'H1PF26', 'H2ED15', 'H2WP14', 'H2PF26', 'H1RM14', 'H1ED24', 'H2PR3', 'H2GH25', 'H2PF8', 'H2TO28', 'H2WP2', 'H1GH20', 'S59E', 'H2TO30'],86,39,21
27,0.7239336492890995,['S60L', 'H2FV3', 'H1IR12', 'H2DS5', 'H2DS3', 'H1FS15', 'H2FS8', 'H1FS16', 'H1FS4', 'H1PF34', 'S62M', 'H1DS15', 'H1TO3', 'H1TO9', 'H1PF31', 'H1SE4', 'H1PF26', 'H2ED15', 'H2WP14', 'H2PF26', 'H1RM14', 'H1ED24', 'H2PR3', 'H2GH25', 'H2PF8', 'H2TO28', 'H2WP2', 'H1GH20', 'S59E', 'H2TO30'],86,39,21
28,0.7239336492890995,['S60L', 'H2FV3', 'H1IR12', 'H2DS5', 'H2DS3', 'H1FS15', 'H2FS8', 'H1FS16', 'H1FS4', 'H1PF34', 'S62M', 'H1DS15', 'H1TO3', 'H1TO9', 'H1PF31', 'H1SE4', 'H1PF26', 'H2ED15', 'H2WP14', 'H2PF26', 'H1RM14', 'H1ED24', 'H2PR3', 'H2GH25', 'H2PF8', 'H2TO28', 'H2WP2', 'H1GH20', 'S59E', 'H2TO30'],86,39,21
29,0.7239336492890995,['S60L', 'H2FV3', 'H1IR12', 'H2DS5', 'H2DS3', 'H1FS15', 'H2FS8', 'H1FS16', 'H1FS4', 'H1PF34', 'S62M', 'H1DS15', 'H1TO3', 'H1TO9', 'H1PF31', 'H1SE4', 'H1PF26', 'H2ED15', 'H2WP14', 'H2PF26', 'H1RM14', 'H1ED24', 'H2PR3', 'H2GH25', 'H2PF8', 'H2TO28', 'H2WP2', 'H1GH20', 'S59E', 'H2TO30'],86,39,21
30,0.7239336492890995,['S60L', 'H2FV3', 'H1IR12', 'H2DS5', 'H2DS3', 'H1FS15', 'H2FS8', 'H1FS16', 'H1FS4', 'H1PF34', 'S62M', 'H1DS15', 'H1TO3', 'H1TO9', 'H1PF31', 'H1SE4', 'H1PF26', 'H2ED15', 'H2WP14', 'H2PF26', 'H1RM14', 'H1ED24', 'H2PR3', 'H2GH25', 'H2PF8', 'H2TO28', 'H2WP2', 'H1GH20', 'S59E', 'H2TO30'],86,39,21
31,0.7239336492890995,['S60L', 'H2FV3', 'H1IR12', 'H2DS5', 'H2DS3', 'H1FS15', 'H2FS8', 'H1FS16', 'H1FS4', 'H1PF34', 'S62M', 'H1DS15', 'H1TO3', 'H1TO9', 'H1PF31', 'H1SE4', 'H1PF26', 'H2ED15', 'H2WP14', 'H2PF26', 'H1RM14', 'H1ED24', 'H2PR3', 'H2GH25', 'H2PF8', 'H2TO28', 'H2WP2', 'H1GH20', 'S59E', 'H2TO30'],86,39,21
32,0.7239336492890995,['S60L', 'H2FV3', 'H1IR12', 'H2DS5', 'H2DS3', 'H1FS15', 'H2FS8', 'H1FS16', 'H1FS4', 'H1PF34', 'S62M', 'H1DS15', 'H1TO3', 'H1TO9', 'H1PF31', 'H1SE4', 'H1PF26', 'H2ED15', 'H2WP14', 'H2PF26', 'H1RM14', 'H1ED24', 'H2PR3', 'H2GH25', 'H2PF8', 'H2TO28', 'H2WP2', 'H1GH20', 'S59E', 'H2TO30'],86,39,21
33,0.7239336492890995,['S60L', 'H2FV3', 'H1IR12', 'H2DS5', 'H2DS3', 'H1FS15', 'H2FS8', 'H1FS16', 'H1FS4', 'H1PF34', 'S62M', 'H1DS15', 'H1TO3', 'H1TO9', 'H1PF31', 'H1SE4', 'H1PF26', 'H2ED15', 'H2WP14', 'H2PF26', 'H1RM14', 'H1ED24', 'H2PR3', 'H2GH25', 'H2PF8', 'H2TO28', 'H2WP2', 'H1GH20', 'S59E', 'H2TO30'],86,39,21
34,0.7239336492890995,['S60L', 'H2FV3', 'H1IR12', 'H2DS5', 'H2DS3', 'H1FS15', 'H2FS8', 'H1FS16', 'H1FS4', 'H1PF34', 'S62M', 'H1DS15', 'H1TO3', 'H1TO9', 'H1PF31', 'H1SE4', 'H1PF26', 'H2ED15', 'H2WP14', 'H2PF26', 'H1RM14', 'H1ED24', 'H2PR3', 'H2GH25', 'H2PF8', 'H2TO28', 'H2WP2', 'H1GH20', 'S59E', 'H2TO30'],86,39,21
35,0.7239336492890995,['S60L', 'H2FV3', 'H1IR12', 'H2DS5', 'H2DS3', 'H1FS15', 'H2FS8', 'H1FS16', 'H1FS4', 'H1PF34', 'S62M', 'H1DS15', 'H1TO3', 'H1TO9', 'H1PF31', 'H1SE4', 'H1PF26', 'H2ED15', 'H2WP14', 'H2PF26', 'H1RM14', 'H1ED24', 'H2PR3', 'H2GH25', 'H2PF8', 'H2TO28', 'H2WP2', 'H1GH20', 'S59E', 'H2TO30'],86,39,21
36,0.7239336492890995,['S60L', 'H2FV3', 'H1IR12', 'H2DS5', 'H2DS3', 'H1FS15', 'H2FS8', 'H1FS16', 'H1FS4', 'H1PF34', 'S62M', 'H1DS15', 'H1TO3', 'H1TO9', 'H1PF31', 'H1SE4', 'H1PF26', 'H2ED15', 'H2WP14', 'H2PF26', 'H1RM14', 'H1ED24', 'H2PR3', 'H2GH25', 'H2PF8', 'H2TO28', 'H2WP2', 'H1GH20', 'S59E', 'H2TO30'],86,39,21
37,0.7239336492890995,['S60L', 'H2FV3', 'H1IR12', 'H2DS5', 'H2DS3', 'H1FS15', 'H2FS8', 'H1FS16', 'H1FS4', 'H1PF34', 'S62M', 'H1DS15', 'H1TO3', 'H1TO9', 'H1PF31', 'H1SE4', 'H1PF26', 'H2ED15', 'H2WP14', 'H2PF26', 'H1RM14', 'H1ED24', 'H2PR3', 'H2GH25', 'H2PF8', 'H2TO28', 'H2WP2', 'H1GH20', 'S59E', 'H2TO30'],86,39,21
38,0.7274881516587678,['H2FS18', 'H2ED17', 'S62P', 'H1ED16', 'H1PF2', 'H1WP14', 'H2FS14', 'H1TO3', 'H1PF16', 'H2ED13', 'H2GH25', 'H2FS1', 'PA21', 'H2TO25', 'H2DS8', 'H2PF1', 'H2FS6', 'H1GH52', 'H1FS4', 'H1WP5', 'H2DS2', 'H2EE14', 'H2PF24', 'H2PR3', 'H2PF14', 'H1WP10', 'H1WP14', 'H1DS7', 'H1FS18', 'H2WP6'],55,29,27
39,0.7274881516587678,['H2FS18', 'H2ED17', 'S62P', 'H1ED16', 'H1PF2', 'H1WP14', 'H2FS14', 'H1TO3', 'H1PF16', 'H2ED13', 'H2GH25', 'H2FS1', 'PA21', 'H2TO25', 'H2DS8', 'H2PF1', 'H2FS6', 'H1GH52', 'H1FS4', 'H1WP5', 'H2DS2', 'H2EE14', 'H2PF24', 'H2PR3', 'H2PF14', 'H1WP10', 'H1WP14', 'H1DS7', 'H1FS18', 'H2WP6'],55,29,27
40,0.7274881516587678,['H2FS18', 'H2ED17', 'S62P', 'H1ED16', 'H1PF2', 'H1WP14', 'H2FS14', 'H1TO3', 'H1PF16', 'H2ED13', 'H2GH25', 'H2FS1', 'PA21', 'H2TO25', 'H2DS8', 'H2PF1', 'H2FS6', 'H1GH52', 'H1FS4', 'H1WP5', 'H2DS2', 'H2EE14', 'H2PF24', 'H2PR3', 'H2PF14', 'H1WP10', 'H1WP14', 'H1DS7', 'H1FS18', 'H2WP6'],55,29,27
41,0.7274881516587678,['H2FS18', 'H2ED17', 'S62P', 'H1ED16', 'H1PF2', 'H1WP14', 'H2FS14', 'H1TO3', 'H1PF16', 'H2ED13', 'H2GH25', 'H2FS1', 'PA21', 'H2TO25', 'H2DS8', 'H2PF1', 'H2FS6', 'H1GH52', 'H1FS4', 'H1WP5', 'H2DS2', 'H2EE14', 'H2PF24', 'H2PR3', 'H2PF14', 'H1WP10', 'H1WP14', 'H1DS7', 'H1FS18', 'H2WP6'],55,29,27
42,0.7274881516587678,['H2FS18', 'H2ED17', 'S62P', 'H1ED16', 'H1PF2', 'H1WP14', 'H2FS14', 'H1TO3', 'H1PF16', 'H2ED13', 'H2GH25', 'H2FS1', 'PA21', 'H2TO25', 'H2DS8', 'H2PF1', 'H2FS6', 'H1GH52', 'H1FS4', 'H1WP5', 'H2DS2', 'H2EE14', 'H2PF24', 'H2PR3', 'H2PF14', 'H1WP10', 'H1WP14', 'H1DS7', 'H1FS18', 'H2WP6'],55,29,27
43,0.7274881516587678,['H2FS18', 'H2ED17', 'S62P', 'H1ED16', 'H1PF2', 'H1WP14', 'H2FS14', 'H1TO3', 'H1PF16', 'H2ED13', 'H2GH25', 'H2FS1', 'PA21', 'H2TO25', 'H2DS8', 'H2PF1', 'H2FS6', 'H1GH52', 'H1FS4', 'H1WP5', 'H2DS2', 'H2EE14', 'H2PF24', 'H2PR3', 'H2PF14', 'H1WP10', 'H1WP14', 'H1DS7', 'H1FS18', 'H2WP6'],55,29,27
44,0.7274881516587678,['H2FS18', 'H2ED17', 'S62P', 'H1ED16', 'H1PF2', 'H1WP14', 'H2FS14', 'H1TO3', 'H1PF16', 'H2ED13', 'H2GH25', 'H2FS1', 'PA21', 'H2TO25', 'H2DS8', 'H2PF1', 'H2FS6', 'H1GH52', 'H1FS4', 'H1WP5', 'H2DS2', 'H2EE14', 'H2PF24', 'H2PR3', 'H2PF14', 'H1WP10', 'H1WP14', 'H1DS7', 'H1FS18', 'H2WP6'],55,29,27
45,0.7274881516587678,['H2FS18', 'H2ED17', 'S62P', 'H1ED16', 'H1PF2', 'H1WP14', 'H2FS14', 'H1TO3', 'H1PF16', 'H2ED13', 'H2GH25', 'H2FS1', 'PA21', 'H2TO25', 'H2DS8', 'H2PF1', 'H2FS6', 'H1GH52', 'H1FS4', 'H1WP5', 'H2DS2', 'H2EE14', 'H2PF24', 'H2PR3', 'H2PF14', 'H1WP10', 'H1WP14', 'H1DS7', 'H1FS18', 'H2WP6'],55,29,27
46,0.7274881516587678,['H2FS18', 'H2ED17', 'S62P', 'H1ED16', 'H1PF2', 'H1WP14', 'H2FS14', 'H1TO3', 'H1PF16', 'H2ED13', 'H2GH25', 'H2FS1', 'PA21', 'H2TO25', 'H2DS8', 'H2PF1', 'H2FS6', 'H1GH52', 'H1FS4', 'H1WP5', 'H2DS2', 'H2EE14', 'H2PF24', 'H2PR3', 'H2PF14', 'H1WP10', 'H1WP14', 'H1DS7', 'H1FS18', 'H2WP6'],55,29,27
47,0.7274881516587678,['H2FS18', 'H2ED17', 'S62P', 'H1ED16', 'H1PF2', 'H1WP14', 'H2FS14', 'H1TO3', 'H1PF16', 'H2ED13', 'H2GH25', 'H2FS1', 'PA21', 'H2TO25', 'H2DS8', 'H2PF1', 'H2FS6', 'H1GH52', 'H1FS4', 'H1WP5', 'H2DS2', 'H2EE14', 'H2PF24', 'H2PR3', 'H2PF14', 'H1WP10', 'H1WP14', 'H1DS7', 'H1FS18', 'H2WP6'],55,29,27
48,0.7274881516587678,['H2FS18', 'H2ED17', 'S62P', 'H1ED16', 'H1PF2', 'H1WP14', 'H2FS14', 'H1TO3', 'H1PF16', 'H2ED13', 'H2GH25', 'H2FS1', 'PA21', 'H2TO25', 'H2DS8', 'H2PF1', 'H2FS6', 'H1GH52', 'H1FS4', 'H1WP5', 'H2DS2', 'H2EE14', 'H2PF24', 'H2PR3', 'H2PF14', 'H1WP10', 'H1WP14', 'H1DS7', 'H1FS18', 'H2WP6'],55,29,27
49,0.7274881516587678,['H2FS18', 'H2ED17', 'S62P', 'H1ED16', 'H1PF2', 'H1WP14', 'H2FS14', 'H1TO3', 'H1PF16', 'H2ED13', 'H2GH25', 'H2FS1', 'PA21', 'H2TO25', 'H2DS8', 'H2PF1', 'H2FS6', 'H1GH52', 'H1FS4', 'H1WP5', 'H2DS2', 'H2EE14', 'H2PF24', 'H2PR3', 'H2PF14', 'H1WP10', 'H1WP14', 'H1DS7', 'H1FS18', 'H2WP6'],55,29,27
50,0.7274881516587678,['H2FS18', 'H2ED17', 'S62P', 'H1ED16', 'H1PF2', 'H1WP14', 'H2FS14', 'H1TO3', 'H1PF16', 'H2ED13', 'H2GH25', 'H2FS1', 'PA21', 'H2TO25', 'H2DS8', 'H2PF1', 'H2FS6', 'H1GH52', 'H1FS4', 'H1WP5', 'H2DS2', 'H2EE14', 'H2PF24', 'H2PR3', 'H2PF14', 'H1WP10', 'H1WP14', 'H1DS7', 'H1FS18', 'H2WP6'],55,29,27
51,0.7274881516587678,['H2FS18', 'H2ED17', 'S62P', 'H1ED16', 'H1PF2', 'H1WP14', 'H2FS14', 'H1TO3', 'H1PF16', 'H2ED13', 'H2GH25', 'H2FS1', 'PA21', 'H2TO25', 'H2DS8', 'H2PF1', 'H2FS6', 'H1GH52', 'H1FS4', 'H1WP5', 'H2DS2', 'H2EE14', 'H2PF24', 'H2PR3', 'H2PF14', 'H1WP10', 'H1WP14', 'H1DS7', 'H1FS18', 'H2WP6'],55,29,27
52,0.7274881516587678,['H2FS18', 'H2ED17', 'S62P', 'H1ED16', 'H1PF2', 'H1WP14', 'H2FS14', 'H1TO3', 'H1PF16', 'H2ED13', 'H2GH25', 'H2FS1', 'PA21', 'H2TO25', 'H2DS8', 'H2PF1', 'H2FS6', 'H1GH52', 'H1FS4', 'H1WP5', 'H2DS2', 'H2EE14', 'H2PF24', 'H2PR3', 'H2PF14', 'H1WP10', 'H1WP14', 'H1DS7', 'H1FS18', 'H2WP6'],55,29,27
53,0.7274881516587678,['H2FS18', 'H2ED17', 'S62P', 'H1ED16', 'H1PF2', 'H1WP14', 'H2FS14', 'H1TO3', 'H1PF16', 'H2ED13', 'H2GH25', 'H2FS1', 'PA21', 'H2TO25', 'H2DS8', 'H2PF1', 'H2FS6', 'H1GH52', 'H1FS4', 'H1WP5', 'H2DS2', 'H2EE14', 'H2PF24', 'H2PR3', 'H2PF14', 'H1WP10', 'H1WP14', 'H1DS7', 'H1FS18', 'H2WP6'],55,29,27
54,0.7274881516587678,['H2FS18', 'H2ED17', 'S62P', 'H1ED16', 'H1PF2', 'H1WP14', 'H2FS14', 'H1TO3', 'H1PF16', 'H2ED13', 'H2GH25', 'H2FS1', 'PA21', 'H2TO25', 'H2DS8', 'H2PF1', 'H2FS6', 'H1GH52', 'H1FS4', 'H1WP5', 'H2DS2', 'H2EE14', 'H2PF24', 'H2PR3', 'H2PF14', 'H1WP10', 'H1WP14', 'H1DS7', 'H1FS18', 'H2WP6'],55,29,27
55,0.7274881516587678,['H2FS18', 'H2ED17', 'S62P', 'H1ED16', 'H1PF2', 'H1WP14', 'H2FS14', 'H1TO3', 'H1PF16', 'H2ED13', 'H2GH25', 'H2FS1', 'PA21', 'H2TO25', 'H2DS8', 'H2PF1', 'H2FS6', 'H1GH52', 'H1FS4', 'H1WP5', 'H2DS2', 'H2EE14', 'H2PF24', 'H2PR3', 'H2PF14', 'H1WP10', 'H1WP14', 'H1DS7', 'H1FS18', 'H2WP6'],55,29,27
56,0.7274881516587678,['H2FS18', 'H2ED17', 'S62P', 'H1ED16', 'H1PF2', 'H1WP14', 'H2FS14', 'H1TO3', 'H1PF16', 'H2ED13', 'H2GH25', 'H2FS1', 'PA21', 'H2TO25', 'H2DS8', 'H2PF1', 'H2FS6', 'H1GH52', 'H1FS4', 'H1WP5', 'H2DS2', 'H2EE14', 'H2PF24', 'H2PR3', 'H2PF14', 'H1WP10', 'H1WP14', 'H1DS7', 'H1FS18', 'H2WP6'],55,29,27
57,0.7274881516587678,['H2FS18', 'H2ED17', 'S62P', 'H1ED16', 'H1PF2', 'H1WP14', 'H2FS14', 'H1TO3', 'H1PF16', 'H2ED13', 'H2GH25', 'H2FS1', 'PA21', 'H2TO25', 'H2DS8', 'H2PF1', 'H2FS6', 'H1GH52', 'H1FS4', 'H1WP5', 'H2DS2', 'H2EE14', 'H2PF24', 'H2PR3', 'H2PF14', 'H1WP10', 'H1WP14', 'H1DS7', 'H1FS18', 'H2WP6'],55,29,27
58,0.7274881516587678,['H2FS18', 'H2ED17', 'S62P', 'H1ED16', 'H1PF2', 'H1WP14', 'H2FS14', 'H1TO3', 'H1PF16', 'H2ED13', 'H2GH25', 'H2FS1', 'PA21', 'H2TO25', 'H2DS8', 'H2PF1', 'H2FS6', 'H1GH52', 'H1FS4', 'H1WP5', 'H2DS2', 'H2EE14', 'H2PF24', 'H2PR3', 'H2PF14', 'H1WP10', 'H1WP14', 'H1DS7', 'H1FS18', 'H2WP6'],55,29,27
59,0.7274881516587678,['H2FS18', 'H2ED17', 'S62P', 'H1ED16', 'H1PF2', 'H1WP14', 'H2FS14', 'H1TO3', 'H1PF16', 'H2ED13', 'H2GH25', 'H2FS1', 'PA21', 'H2TO25', 'H2DS8', 'H2PF1', 'H2FS6', 'H1GH52', 'H1FS4', 'H1WP5', 'H2DS2', 'H2EE14', 'H2PF24', 'H2PR3', 'H2PF14', 'H1WP10', 'H1WP14', 'H1DS7', 'H1FS18', 'H2WP6'],55,29,27
60,0.7274881516587678,['H2FS18', 'H2ED17', 'S62P', 'H1ED16', 'H1PF2', 'H1WP14', 'H2FS14', 'H1TO3', 'H1PF16', 'H2ED13', 'H2GH25', 'H2FS1', 'PA21', 'H2TO25', 'H2DS8', 'H2PF1', 'H2FS6', 'H1GH52', 'H1FS4', 'H1WP5', 'H2DS2', 'H2EE14', 'H2PF24', 'H2PR3', 'H2PF14', 'H1WP10', 'H1WP14', 'H1DS7', 'H1FS18', 'H2WP6'],55,29,27
61,0.7274881516587678,['H2FS18', 'H2ED17', 'S62P', 'H1ED16', 'H1PF2', 'H1WP14', 'H2FS14', 'H1TO3', 'H1PF16', 'H2ED13', 'H2GH25', 'H2FS1', 'PA21', 'H2TO25', 'H2DS8', 'H2PF1', 'H2FS6', 'H1GH52', 'H1FS4', 'H1WP5', 'H2DS2', 'H2EE14', 'H2PF24', 'H2PR3', 'H2PF14', 'H1WP10', 'H1WP14', 'H1DS7', 'H1FS18', 'H2WP6'],55,29,27
62,0.7274881516587678,['H2FS18', 'H2ED17', 'S62P', 'H1ED16', 'H1PF2', 'H1WP14', 'H2FS14', 'H1TO3', 'H1PF16', 'H2ED13', 'H2GH25', 'H2FS1', 'PA21', 'H2TO25', 'H2DS8', 'H2PF1', 'H2FS6', 'H1GH52', 'H1FS4', 'H1WP5', 'H2DS2', 'H2EE14', 'H2PF24', 'H2PR3', 'H2PF14', 'H1WP10', 'H1WP14', 'H1DS7', 'H1FS18', 'H2WP6'],55,29,27
63,0.7274881516587678,['H2FS18', 'H2ED17', 'S62P', 'H1ED16', 'H1PF2', 'H1WP14', 'H2FS14', 'H1TO3', 'H1PF16', 'H2ED13', 'H2GH25', 'H2FS1', 'PA21', 'H2TO25', 'H2DS8', 'H2PF1', 'H2FS6', 'H1GH52', 'H1FS4', 'H1WP5', 'H2DS2', 'H2EE14', 'H2PF24', 'H2PR3', 'H2PF14', 'H1WP10', 'H1WP14', 'H1DS7', 'H1FS18', 'H2WP6'],55,29,27
64,0.7274881516587678,['H2FS18', 'H2ED17', 'S62P', 'H1ED16', 'H1PF2', 'H1WP14', 'H2FS14', 'H1TO3', 'H1PF16', 'H2ED13', 'H2GH25', 'H2FS1', 'PA21', 'H2TO25', 'H2DS8', 'H2PF1', 'H2FS6', 'H1GH52', 'H1FS4', 'H1WP5', 'H2DS2', 'H2EE14', 'H2PF24', 'H2PR3', 'H2PF14', 'H1WP10', 'H1WP14', 'H1DS7', 'H1FS18', 'H2WP6'],55,29,27
65,0.7274881516587678,['H2FS18', 'H2ED17', 'S62P', 'H1ED16', 'H1PF2', 'H1WP14', 'H2FS14', 'H1TO3', 'H1PF16', 'H2ED13', 'H2GH25', 'H2FS1', 'PA21', 'H2TO25', 'H2DS8', 'H2PF1', 'H2FS6', 'H1GH52', 'H1FS4', 'H1WP5', 'H2DS2', 'H2EE14', 'H2PF24', 'H2PR3', 'H2PF14', 'H1WP10', 'H1WP14', 'H1DS7', 'H1FS18', 'H2WP6'],55,29,27
66,0.7274881516587678,['H2FS18', 'H2ED17', 'S62P', 'H1ED16', 'H1PF2', 'H1WP14', 'H2FS14', 'H1TO3', 'H1PF16', 'H2ED13', 'H2GH25', 'H2FS1', 'PA21', 'H2TO25', 'H2DS8', 'H2PF1', 'H2FS6', 'H1GH52', 'H1FS4', 'H1WP5', 'H2DS2', 'H2EE14', 'H2PF24', 'H2PR3', 'H2PF14', 'H1WP10', 'H1WP14', 'H1DS7', 'H1FS18', 'H2WP6'],55,29,27
67,0.7274881516587678,['H2FS18', 'H2ED17', 'S62P', 'H1ED16', 'H1PF2', 'H1WP14', 'H2FS14', 'H1TO3', 'H1PF16', 'H2ED13', 'H2GH25', 'H2FS1', 'PA21', 'H2TO25', 'H2DS8', 'H2PF1', 'H2FS6', 'H1GH52', 'H1FS4', 'H1WP5', 'H2DS2', 'H2EE14', 'H2PF24', 'H2PR3', 'H2PF14', 'H1WP10', 'H1WP14', 'H1DS7', 'H1FS18', 'H2WP6'],55,29,27
68,0.7274881516587678,['H2FS18', 'H2ED17', 'S62P', 'H1ED16', 'H1PF2', 'H1WP14', 'H2FS14', 'H1TO3', 'H1PF16', 'H2ED13', 'H2GH25', 'H2FS1', 'PA21', 'H2TO25', 'H2DS8', 'H2PF1', 'H2FS6', 'H1GH52', 'H1FS4', 'H1WP5', 'H2DS2', 'H2EE14', 'H2PF24', 'H2PR3', 'H2PF14', 'H1WP10', 'H1WP14', 'H1DS7', 'H1FS18', 'H2WP6'],55,29,27
69,0.7274881516587678,['H2FS18', 'H2ED17', 'S62P', 'H1ED16', 'H1PF2', 'H1WP14', 'H2FS14', 'H1TO3', 'H1PF16', 'H2ED13', 'H2GH25', 'H2FS1', 'PA21', 'H2TO25', 'H2DS8', 'H2PF1', 'H2FS6', 'H1GH52', 'H1FS4', 'H1WP5', 'H2DS2', 'H2EE14', 'H2PF24', 'H2PR3', 'H2PF14', 'H1WP10', 'H1WP14', 'H1DS7', 'H1FS18', 'H2WP6'],55,29,27
70,0.7274881516587678,['H2FS18', 'H2ED17', 'S62P', 'H1ED16', 'H1PF2', 'H1WP14', 'H2FS14', 'H1TO3', 'H1PF16', 'H2ED13', 'H2GH25', 'H2FS1', 'PA21', 'H2TO25', 'H2DS8', 'H2PF1', 'H2FS6', 'H1GH52', 'H1FS4', 'H1WP5', 'H2DS2', 'H2EE14', 'H2PF24', 'H2PR3', 'H2PF14', 'H1WP10', 'H1WP14', 'H1DS7', 'H1FS18', 'H2WP6'],55,29,27
71,0.7274881516587678,['H2FS18', 'H2ED17', 'S62P', 'H1ED16', 'H1PF2', 'H1WP14', 'H2FS14', 'H1TO3', 'H1PF16', 'H2ED13', 'H2GH25', 'H2FS1', 'PA21', 'H2TO25', 'H2DS8', 'H2PF1', 'H2FS6', 'H1GH52', 'H1FS4', 'H1WP5', 'H2DS2', 'H2EE14', 'H2PF24', 'H2PR3', 'H2PF14', 'H1WP10', 'H1WP14', 'H1DS7', 'H1FS18', 'H2WP6'],55,29,27
72,0.7274881516587678,['H2FS18', 'H2ED17', 'S62P', 'H1ED16', 'H1PF2', 'H1WP14', 'H2FS14', 'H1TO3', 'H1PF16', 'H2ED13', 'H2GH25', 'H2FS1', 'PA21', 'H2TO25', 'H2DS8', 'H2PF1', 'H2FS6', 'H1GH52', 'H1FS4', 'H1WP5', 'H2DS2', 'H2EE14', 'H2PF24', 'H2PR3', 'H2PF14', 'H1WP10', 'H1WP14', 'H1DS7', 'H1FS18', 'H2WP6'],55,29,27
73,0.7274881516587678,['H2FS18', 'H2ED17', 'S62P', 'H1ED16', 'H1PF2', 'H1WP14', 'H2FS14', 'H1TO3', 'H1PF16', 'H2ED13', 'H2GH25', 'H2FS1', 'PA21', 'H2TO25', 'H2DS8', 'H2PF1', 'H2FS6', 'H1GH52', 'H1FS4', 'H1WP5', 'H2DS2', 'H2EE14', 'H2PF24', 'H2PR3', 'H2PF14', 'H1WP10', 'H1WP14', 'H1DS7', 'H1FS18', 'H2WP6'],55,29,27
74,0.7274881516587678,['H2FS18', 'H2ED17', 'S62P', 'H1ED16', 'H1PF2', 'H1WP14', 'H2FS14', 'H1TO3', 'H1PF16', 'H2ED13', 'H2GH25', 'H2FS1', 'PA21', 'H2TO25', 'H2DS8', 'H2PF1', 'H2FS6', 'H1GH52', 'H1FS4', 'H1WP5', 'H2DS2', 'H2EE14', 'H2PF24', 'H2PR3', 'H2PF14', 'H1WP10', 'H1WP14', 'H1DS7', 'H1FS18', 'H2WP6'],55,29,27
75,0.7274881516587678,['H2FS18', 'H2ED17', 'S62P', 'H1ED16', 'H1PF2', 'H1WP14', 'H2FS14', 'H1TO3', 'H1PF16', 'H2ED13', 'H2GH25', 'H2FS1', 'PA21', 'H2TO25', 'H2DS8', 'H2PF1', 'H2FS6', 'H1GH52', 'H1FS4', 'H1WP5', 'H2DS2', 'H2EE14', 'H2PF24', 'H2PR3', 'H2PF14', 'H1WP10', 'H1WP14', 'H1DS7', 'H1FS18', 'H2WP6'],55,29,27
76,0.7274881516587678,['H2FS18', 'H2ED17', 'S62P', 'H1ED16', 'H1PF2', 'H1WP14', 'H2FS14', 'H1TO3', 'H1PF16', 'H2ED13', 'H2GH25', 'H2FS1', 'PA21', 'H2TO25', 'H2DS8', 'H2PF1', 'H2FS6', 'H1GH52', 'H1FS4', 'H1WP5', 'H2DS2', 'H2EE14', 'H2PF24', 'H2PR3', 'H2PF14', 'H1WP10', 'H1WP14', 'H1DS7', 'H1FS18', 'H2WP6'],55,29,27
77,0.7274881516587678,['H2FS18', 'H2ED17', 'S62P', 'H1ED16', 'H1PF2', 'H1WP14', 'H2FS14', 'H1TO3', 'H1PF16', 'H2ED13', 'H2GH25', 'H2FS1', 'PA21', 'H2TO25', 'H2DS8', 'H2PF1', 'H2FS6', 'H1GH52', 'H1FS4', 'H1WP5', 'H2DS2', 'H2EE14', 'H2PF24', 'H2PR3', 'H2PF14', 'H1WP10', 'H1WP14', 'H1DS7', 'H1FS18', 'H2WP6'],55,29,27
78,0.7274881516587678,['H2FS18', 'H2ED17', 'S62P', 'H1ED16', 'H1PF2', 'H1WP14', 'H2FS14', 'H1TO3', 'H1PF16', 'H2ED13', 'H2GH25', 'H2FS1', 'PA21', 'H2TO25', 'H2DS8', 'H2PF1', 'H2FS6', 'H1GH52', 'H1FS4', 'H1WP5', 'H2DS2', 'H2EE14', 'H2PF24', 'H2PR3', 'H2PF14', 'H1WP10', 'H1WP14', 'H1DS7', 'H1FS18', 'H2WP6'],55,29,27
79,0.7274881516587678,['H2FS18', 'H2ED17', 'S62P', 'H1ED16', 'H1PF2', 'H1WP14', 'H2FS14', 'H1TO3', 'H1PF16', 'H2ED13', 'H2GH25', 'H2FS1', 'PA21', 'H2TO25', 'H2DS8', 'H2PF1', 'H2FS6', 'H1GH52', 'H1FS4', 'H1WP5', 'H2DS2', 'H2EE14', 'H2PF24', 'H2PR3', 'H2PF14', 'H1WP10', 'H1WP14', 'H1DS7', 'H1FS18', 'H2WP6'],55,29,27
80,0.7274881516587678,['H2FS18', 'H2ED17', 'S62P', 'H1ED16', 'H1PF2', 'H1WP14', 'H2FS14', 'H1TO3', 'H1PF16', 'H2ED13', 'H2GH25', 'H2FS1', 'PA21', 'H2TO25', 'H2DS8', 'H2PF1', 'H2FS6', 'H1GH52', 'H1FS4', 'H1WP5', 'H2DS2', 'H2EE14', 'H2PF24', 'H2PR3', 'H2PF14', 'H1WP10', 'H1WP14', 'H1DS7', 'H1FS18', 'H2WP6'],55,29,27
81,0.7274881516587678,['H2FS18', 'H2ED17', 'S62P', 'H1ED16', 'H1PF2', 'H1WP14', 'H2FS14', 'H1TO3', 'H1PF16', 'H2ED13', 'H2GH25', 'H2FS1', 'PA21', 'H2TO25', 'H2DS8', 'H2PF1', 'H2FS6', 'H1GH52', 'H1FS4', 'H1WP5', 'H2DS2', 'H2EE14', 'H2PF24', 'H2PR3', 'H2PF14', 'H1WP10', 'H1WP14', 'H1DS7', 'H1FS18', 'H2WP6'],55,29,27
82,0.7274881516587678,['H2FS18', 'H2ED17', 'S62P', 'H1ED16', 'H1PF2', 'H1WP14', 'H2FS14', 'H1TO3', 'H1PF16', 'H2ED13', 'H2GH25', 'H2FS1', 'PA21', 'H2TO25', 'H2DS8', 'H2PF1', 'H2FS6', 'H1GH52', 'H1FS4', 'H1WP5', 'H2DS2', 'H2EE14', 'H2PF24', 'H2PR3', 'H2PF14', 'H1WP10', 'H1WP14', 'H1DS7', 'H1FS18', 'H2WP6'],55,29,27
83,0.7274881516587678,['H2FS18', 'H2ED17', 'S62P', 'H1ED16', 'H1PF2', 'H1WP14', 'H2FS14', 'H1TO3', 'H1PF16', 'H2ED13', 'H2GH25', 'H2FS1', 'PA21', 'H2TO25', 'H2DS8', 'H2PF1', 'H2FS6', 'H1GH52', 'H1FS4', 'H1WP5', 'H2DS2', 'H2EE14', 'H2PF24', 'H2PR3', 'H2PF14', 'H1WP10', 'H1WP14', 'H1DS7', 'H1FS18', 'H2WP6'],55,29,27
84,0.7274881516587678,['H2FS18', 'H2ED17', 'S62P', 'H1ED16', 'H1PF2', 'H1WP14', 'H2FS14', 'H1TO3', 'H1PF16', 'H2ED13', 'H2GH25', 'H2FS1', 'PA21', 'H2TO25', 'H2DS8', 'H2PF1', 'H2FS6', 'H1GH52', 'H1FS4', 'H1WP5', 'H2DS2', 'H2EE14', 'H2PF24', 'H2PR3', 'H2PF14', 'H1WP10', 'H1WP14', 'H1DS7', 'H1FS18', 'H2WP6'],55,29,27
85,0.7274881516587678,['H2FS18', 'H2ED17', 'S62P', 'H1ED16', 'H1PF2', 'H1WP14', 'H2FS14', 'H1TO3', 'H1PF16', 'H2ED13', 'H2GH25', 'H2FS1', 'PA21', 'H2TO25', 'H2DS8', 'H2PF1', 'H2FS6', 'H1GH52', 'H1FS4', 'H1WP5', 'H2DS2', 'H2EE14', 'H2PF24', 'H2PR3', 'H2PF14', 'H1WP10', 'H1WP14', 'H1DS7', 'H1FS18', 'H2WP6'],55,29,27
86,0.7274881516587678,['H2FS18', 'H2ED17', 'S62P', 'H1ED16', 'H1PF2', 'H1WP14', 'H2FS14', 'H1TO3', 'H1PF16', 'H2ED13', 'H2GH25', 'H2FS1', 'PA21', 'H2TO25', 'H2DS8', 'H2PF1', 'H2FS6', 'H1GH52', 'H1FS4', 'H1WP5', 'H2DS2', 'H2EE14', 'H2PF24', 'H2PR3', 'H2PF14', 'H1WP10', 'H1WP14', 'H1DS7', 'H1FS18', 'H2WP6'],55,29,27
87,0.7274881516587678,['H2FS18', 'H2ED17', 'S62P', 'H1ED16', 'H1PF2', 'H1WP14', 'H2FS14', 'H1TO3', 'H1PF16', 'H2ED13', 'H2GH25', 'H2FS1', 'PA21', 'H2TO25', 'H2DS8', 'H2PF1', 'H2FS6', 'H1GH52', 'H1FS4', 'H1WP5', 'H2DS2', 'H2EE14', 'H2PF24', 'H2PR3', 'H2PF14', 'H1WP10', 'H1WP14', 'H1DS7', 'H1FS18', 'H2WP6'],55,29,27
88,0.7274881516587678,['H2FS18', 'H2ED17', 'S62P', 'H1ED16', 'H1PF2', 'H1WP14', 'H2FS14', 'H1TO3', 'H1PF16', 'H2ED13', 'H2GH25', 'H2FS1', 'PA21', 'H2TO25', 'H2DS8', 'H2PF1', 'H2FS6', 'H1GH52', 'H1FS4', 'H1WP5', 'H2DS2', 'H2EE14', 'H2PF24', 'H2PR3', 'H2PF14', 'H1WP10', 'H1WP14', 'H1DS7', 'H1FS18', 'H2WP6'],55,29,27
89,0.7274881516587678,['H2FS18', 'H2ED17', 'S62P', 'H1ED16', 'H1PF2', 'H1WP14', 'H2FS14', 'H1TO3', 'H1PF16', 'H2ED13', 'H2GH25', 'H2FS1', 'PA21', 'H2TO25', 'H2DS8', 'H2PF1', 'H2FS6', 'H1GH52', 'H1FS4', 'H1WP5', 'H2DS2', 'H2EE14', 'H2PF24', 'H2PR3', 'H2PF14', 'H1WP10', 'H1WP14', 'H1DS7', 'H1FS18', 'H2WP6'],55,29,27
90,0.7274881516587678,['H2FS18', 'H2ED17', 'S62P', 'H1ED16', 'H1PF2', 'H1WP14', 'H2FS14', 'H1TO3', 'H1PF16', 'H2ED13', 'H2GH25', 'H2FS1', 'PA21', 'H2TO25', 'H2DS8', 'H2PF1', 'H2FS6', 'H1GH52', 'H1FS4', 'H1WP5', 'H2DS2', 'H2EE14', 'H2PF24', 'H2PR3', 'H2PF14', 'H1WP10', 'H1WP14', 'H1DS7', 'H1FS18', 'H2WP6'],55,29,27
91,0.7274881516587678,['H2FS18', 'H2ED17', 'S62P', 'H1ED16', 'H1PF2', 'H1WP14', 'H2FS14', 'H1TO3', 'H1PF16', 'H2ED13', 'H2GH25', 'H2FS1', 'PA21', 'H2TO25', 'H2DS8', 'H2PF1', 'H2FS6', 'H1GH52', 'H1FS4', 'H1WP5', 'H2DS2', 'H2EE14', 'H2PF24', 'H2PR3', 'H2PF14', 'H1WP10', 'H1WP14', 'H1DS7', 'H1FS18', 'H2WP6'],55,29,27
92,0.7274881516587678,['H2FS18', 'H2ED17', 'S62P', 'H1ED16', 'H1PF2', 'H1WP14', 'H2FS14', 'H1TO3', 'H1PF16', 'H2ED13', 'H2GH25', 'H2FS1', 'PA21', 'H2TO25', 'H2DS8', 'H2PF1', 'H2FS6', 'H1GH52', 'H1FS4', 'H1WP5', 'H2DS2', 'H2EE14', 'H2PF24', 'H2PR3', 'H2PF14', 'H1WP10', 'H1WP14', 'H1DS7', 'H1FS18', 'H2WP6'],55,29,27
93,0.7274881516587678,['H2FS18', 'H2ED17', 'S62P', 'H1ED16', 'H1PF2', 'H1WP14', 'H2FS14', 'H1TO3', 'H1PF16', 'H2ED13', 'H2GH25', 'H2FS1', 'PA21', 'H2TO25', 'H2DS8', 'H2PF1', 'H2FS6', 'H1GH52', 'H1FS4', 'H1WP5', 'H2DS2', 'H2EE14', 'H2PF24', 'H2PR3', 'H2PF14', 'H1WP10', 'H1WP14', 'H1DS7', 'H1FS18', 'H2WP6'],55,29,27
94,0.7274881516587678,['H2FS18', 'H2ED17', 'S62P', 'H1ED16', 'H1PF2', 'H1WP14', 'H2FS14', 'H1TO3', 'H1PF16', 'H2ED13', 'H2GH25', 'H2FS1', 'PA21', 'H2TO25', 'H2DS8', 'H2PF1', 'H2FS6', 'H1GH52', 'H1FS4', 'H1WP5', 'H2DS2', 'H2EE14', 'H2PF24', 'H2PR3', 'H2PF14', 'H1WP10', 'H1WP14', 'H1DS7', 'H1FS18', 'H2WP6'],55,29,27
95,0.7274881516587678,['H2FS18', 'H2ED17', 'S62P', 'H1ED16', 'H1PF2', 'H1WP14', 'H2FS14', 'H1TO3', 'H1PF16', 'H2ED13', 'H2GH25', 'H2FS1', 'PA21', 'H2TO25', 'H2DS8', 'H2PF1', 'H2FS6', 'H1GH52', 'H1FS4', 'H1WP5', 'H2DS2', 'H2EE14', 'H2PF24', 'H2PR3', 'H2PF14', 'H1WP10', 'H1WP14', 'H1DS7', 'H1FS18', 'H2WP6'],55,29,27
96,0.7274881516587678,['H2FS18', 'H2ED17', 'S62P', 'H1ED16', 'H1PF2', 'H1WP14', 'H2FS14', 'H1TO3', 'H1PF16', 'H2ED13', 'H2GH25', 'H2FS1', 'PA21', 'H2TO25', 'H2DS8', 'H2PF1', 'H2FS6', 'H1GH52', 'H1FS4', 'H1WP5', 'H2DS2', 'H2EE14', 'H2PF24', 'H2PR3', 'H2PF14', 'H1WP10', 'H1WP14', 'H1DS7', 'H1FS18', 'H2WP6'],55,29,27
97,0.7274881516587678,['H2FS18', 'H2ED17', 'S62P', 'H1ED16', 'H1PF2', 'H1WP14', 'H2FS14', 'H1TO3', 'H1PF16', 'H2ED13', 'H2GH25', 'H2FS1', 'PA21', 'H2TO25', 'H2DS8', 'H2PF1', 'H2FS6', 'H1GH52', 'H1FS4', 'H1WP5', 'H2DS2', 'H2EE14', 'H2PF24', 'H2PR3', 'H2PF14', 'H1WP10', 'H1WP14', 'H1DS7', 'H1FS18', 'H2WP6'],55,29,27
98,0.7274881516587678,['H2FS18', 'H2ED17', 'S62P', 'H1ED16', 'H1PF2', 'H1WP14', 'H2FS14', 'H1TO3', 'H1PF16', 'H2ED13', 'H2GH25', 'H2FS1', 'PA21', 'H2TO25', 'H2DS8', 'H2PF1', 'H2FS6', 'H1GH52', 'H1FS4', 'H1WP5', 'H2DS2', 'H2EE14', 'H2PF24', 'H2PR3', 'H2PF14', 'H1WP10', 'H1WP14', 'H1DS7', 'H1FS18', 'H2WP6'],55,29,27
99,0.7274881516587678,['H2FS18', 'H2ED17', 'S62P', 'H1ED16', 'H1PF2', 'H1WP14', 'H2FS14', 'H1TO3', 'H1PF16', 'H2ED13', 'H2GH25', 'H2FS1', 'PA21', 'H2TO25', 'H2DS8', 'H2PF1', 'H2FS6', 'H1GH52', 'H1FS4', 'H1WP5', 'H2DS2', 'H2EE14', 'H2PF24', 'H2PR3', 'H2PF14', 'H1WP10', 'H1WP14', 'H1DS7', 'H1FS18', 'H2WP6'],55,29,27
100,0.7274881516587678,['H2FS18', 'H2ED17', 'S62P', 'H1ED16', 'H1PF2', 'H1WP14', 'H2FS14', 'H1TO3', 'H1PF16', 'H2ED13', 'H2GH25', 'H2FS1', 'PA21', 'H2TO25', 'H2DS8', 'H2PF1', 'H2FS6', 'H1GH52', 'H1FS4', 'H1WP5', 'H2DS2', 'H2EE14', 'H2PF24', 'H2PR3', 'H2PF14', 'H1WP10', 'H1WP14', 'H1DS7', 'H1FS18', 'H2WP6'],55,29,27
101,0.7274881516587678,['H2FS18', 'H2ED17', 'S62P', 'H1ED16', 'H1PF2', 'H1WP14', 'H2FS14', 'H1TO3', 'H1PF16', 'H2ED13', 'H2GH25', 'H2FS1', 'PA21', 'H2TO25', 'H2DS8', 'H2PF1', 'H2FS6', 'H1GH52', 'H1FS4', 'H1WP5', 'H2DS2', 'H2EE14', 'H2PF24', 'H2PR3', 'H2PF14', 'H1WP10', 'H1WP14', 'H1DS7', 'H1FS18', 'H2WP6'],55,29,27
102,0.7274881516587678,['H2FS18', 'H2ED17', 'S62P', 'H1ED16', 'H1PF2', 'H1WP14', 'H2FS14', 'H1TO3', 'H1PF16', 'H2ED13', 'H2GH25', 'H2FS1', 'PA21', 'H2TO25', 'H2DS8', 'H2PF1', 'H2FS6', 'H1GH52', 'H1FS4', 'H1WP5', 'H2DS2', 'H2EE14', 'H2PF24', 'H2PR3', 'H2PF14', 'H1WP10', 'H1WP14', 'H1DS7', 'H1FS18', 'H2WP6'],55,29,27
103,0.7274881516587678,['H2FS18', 'H2ED17', 'S62P', 'H1ED16', 'H1PF2', 'H1WP14', 'H2FS14', 'H1TO3', 'H1PF16', 'H2ED13', 'H2GH25', 'H2FS1', 'PA21', 'H2TO25', 'H2DS8', 'H2PF1', 'H2FS6', 'H1GH52', 'H1FS4', 'H1WP5', 'H2DS2', 'H2EE14', 'H2PF24', 'H2PR3', 'H2PF14', 'H1WP10', 'H1WP14', 'H1DS7', 'H1FS18', 'H2WP6'],55,29,27
104,0.7274881516587678,['H2FS18', 'H2ED17', 'S62P', 'H1ED16', 'H1PF2', 'H1WP14', 'H2FS14', 'H1TO3', 'H1PF16', 'H2ED13', 'H2GH25', 'H2FS1', 'PA21', 'H2TO25', 'H2DS8', 'H2PF1', 'H2FS6', 'H1GH52', 'H1FS4', 'H1WP5', 'H2DS2', 'H2EE14', 'H2PF24', 'H2PR3', 'H2PF14', 'H1WP10', 'H1WP14', 'H1DS7', 'H1FS18', 'H2WP6'],55,29,27
105,0.7274881516587678,['H2FS18', 'H2ED17', 'S62P', 'H1ED16', 'H1PF2', 'H1WP14', 'H2FS14', 'H1TO3', 'H1PF16', 'H2ED13', 'H2GH25', 'H2FS1', 'PA21', 'H2TO25', 'H2DS8', 'H2PF1', 'H2FS6', 'H1GH52', 'H1FS4', 'H1WP5', 'H2DS2', 'H2EE14', 'H2PF24', 'H2PR3', 'H2PF14', 'H1WP10', 'H1WP14', 'H1DS7', 'H1FS18', 'H2WP6'],55,29,27
106,0.7274881516587678,['H2FS18', 'H2ED17', 'S62P', 'H1ED16', 'H1PF2', 'H1WP14', 'H2FS14', 'H1TO3', 'H1PF16', 'H2ED13', 'H2GH25', 'H2FS1', 'PA21', 'H2TO25', 'H2DS8', 'H2PF1', 'H2FS6', 'H1GH52', 'H1FS4', 'H1WP5', 'H2DS2', 'H2EE14', 'H2PF24', 'H2PR3', 'H2PF14', 'H1WP10', 'H1WP14', 'H1DS7', 'H1FS18', 'H2WP6'],55,29,27
107,0.7274881516587678,['H2FS18', 'H2ED17', 'S62P', 'H1ED16', 'H1PF2', 'H1WP14', 'H2FS14', 'H1TO3', 'H1PF16', 'H2ED13', 'H2GH25', 'H2FS1', 'PA21', 'H2TO25', 'H2DS8', 'H2PF1', 'H2FS6', 'H1GH52', 'H1FS4', 'H1WP5', 'H2DS2', 'H2EE14', 'H2PF24', 'H2PR3', 'H2PF14', 'H1WP10', 'H1WP14', 'H1DS7', 'H1FS18', 'H2WP6'],55,29,27
108,0.7274881516587678,['H2FS18', 'H2ED17', 'S62P', 'H1ED16', 'H1PF2', 'H1WP14', 'H2FS14', 'H1TO3', 'H1PF16', 'H2ED13', 'H2GH25', 'H2FS1', 'PA21', 'H2TO25', 'H2DS8', 'H2PF1', 'H2FS6', 'H1GH52', 'H1FS4', 'H1WP5', 'H2DS2', 'H2EE14', 'H2PF24', 'H2PR3', 'H2PF14', 'H1WP10', 'H1WP14', 'H1DS7', 'H1FS18', 'H2WP6'],55,29,27
109,0.7274881516587678,['H2FS18', 'H2ED17', 'S62P', 'H1ED16', 'H1PF2', 'H1WP14', 'H2FS14', 'H1TO3', 'H1PF16', 'H2ED13', 'H2GH25', 'H2FS1', 'PA21', 'H2TO25', 'H2DS8', 'H2PF1', 'H2FS6', 'H1GH52', 'H1FS4', 'H1WP5', 'H2DS2', 'H2EE14', 'H2PF24', 'H2PR3', 'H2PF14', 'H1WP10', 'H1WP14', 'H1DS7', 'H1FS18', 'H2WP6'],55,29,27
110,0.7274881516587678,['H2FS18', 'H2ED17', 'S62P', 'H1ED16', 'H1PF2', 'H1WP14', 'H2FS14', 'H1TO3', 'H1PF16', 'H2ED13', 'H2GH25', 'H2FS1', 'PA21', 'H2TO25', 'H2DS8', 'H2PF1', 'H2FS6', 'H1GH52', 'H1FS4', 'H1WP5', 'H2DS2', 'H2EE14', 'H2PF24', 'H2PR3', 'H2PF14', 'H1WP10', 'H1WP14', 'H1DS7', 'H1FS18', 'H2WP6'],55,29,27
111,0.7274881516587678,['H2FS18', 'H2ED17', 'S62P', 'H1ED16', 'H1PF2', 'H1WP14', 'H2FS14', 'H1TO3', 'H1PF16', 'H2ED13', 'H2GH25', 'H2FS1', 'PA21', 'H2TO25', 'H2DS8', 'H2PF1', 'H2FS6', 'H1GH52', 'H1FS4', 'H1WP5', 'H2DS2', 'H2EE14', 'H2PF24', 'H2PR3', 'H2PF14', 'H1WP10', 'H1WP14', 'H1DS7', 'H1FS18', 'H2WP6'],55,29,27
112,0.7274881516587678,['H2FS18', 'H2ED17', 'S62P', 'H1ED16', 'H1PF2', 'H1WP14', 'H2FS14', 'H1TO3', 'H1PF16', 'H2ED13', 'H2GH25', 'H2FS1', 'PA21', 'H2TO25', 'H2DS8', 'H2PF1', 'H2FS6', 'H1GH52', 'H1FS4', 'H1WP5', 'H2DS2', 'H2EE14', 'H2PF24', 'H2PR3', 'H2PF14', 'H1WP10', 'H1WP14', 'H1DS7', 'H1FS18', 'H2WP6'],55,29,27
113,0.7274881516587678,['H2FS18', 'H2ED17', 'S62P', 'H1ED16', 'H1PF2', 'H1WP14', 'H2FS14', 'H1TO3', 'H1PF16', 'H2ED13', 'H2GH25', 'H2FS1', 'PA21', 'H2TO25', 'H2DS8', 'H2PF1', 'H2FS6', 'H1GH52', 'H1FS4', 'H1WP5', 'H2DS2', 'H2EE14', 'H2PF24', 'H2PR3', 'H2PF14', 'H1WP10', 'H1WP14', 'H1DS7', 'H1FS18', 'H2WP6'],55,29,27
114,0.7274881516587678,['H2FS18', 'H2ED17', 'S62P', 'H1ED16', 'H1PF2', 'H1WP14', 'H2FS14', 'H1TO3', 'H1PF16', 'H2ED13', 'H2GH25', 'H2FS1', 'PA21', 'H2TO25', 'H2DS8', 'H2PF1', 'H2FS6', 'H1GH52', 'H1FS4', 'H1WP5', 'H2DS2', 'H2EE14', 'H2PF24', 'H2PR3', 'H2PF14', 'H1WP10', 'H1WP14', 'H1DS7', 'H1FS18', 'H2WP6'],55,29,27
115,0.7274881516587678,['H2FS18', 'H2ED17', 'S62P', 'H1ED16', 'H1PF2', 'H1WP14', 'H2FS14', 'H1TO3', 'H1PF16', 'H2ED13', 'H2GH25', 'H2FS1', 'PA21', 'H2TO25', 'H2DS8', 'H2PF1', 'H2FS6', 'H1GH52', 'H1FS4', 'H1WP5', 'H2DS2', 'H2EE14', 'H2PF24', 'H2PR3', 'H2PF14', 'H1WP10', 'H1WP14', 'H1DS7', 'H1FS18', 'H2WP6'],55,29,27
116,0.7274881516587678,['H2FS18', 'H2ED17', 'S62P', 'H1ED16', 'H1PF2', 'H1WP14', 'H2FS14', 'H1TO3', 'H1PF16', 'H2ED13', 'H2GH25', 'H2FS1', 'PA21', 'H2TO25', 'H2DS8', 'H2PF1', 'H2FS6', 'H1GH52', 'H1FS4', 'H1WP5', 'H2DS2', 'H2EE14', 'H2PF24', 'H2PR3', 'H2PF14', 'H1WP10', 'H1WP14', 'H1DS7', 'H1FS18', 'H2WP6'],55,29,27
117,0.7274881516587678,['H2FS18', 'H2ED17', 'S62P', 'H1ED16', 'H1PF2', 'H1WP14', 'H2FS14', 'H1TO3', 'H1PF16', 'H2ED13', 'H2GH25', 'H2FS1', 'PA21', 'H2TO25', 'H2DS8', 'H2PF1', 'H2FS6', 'H1GH52', 'H1FS4', 'H1WP5', 'H2DS2', 'H2EE14', 'H2PF24', 'H2PR3', 'H2PF14', 'H1WP10', 'H1WP14', 'H1DS7', 'H1FS18', 'H2WP6'],55,29,27
118,0.7274881516587678,['H2FS18', 'H2ED17', 'S62P', 'H1ED16', 'H1PF2', 'H1WP14', 'H2FS14', 'H1TO3', 'H1PF16', 'H2ED13', 'H2GH25', 'H2FS1', 'PA21', 'H2TO25', 'H2DS8', 'H2PF1', 'H2FS6', 'H1GH52', 'H1FS4', 'H1WP5', 'H2DS2', 'H2EE14', 'H2PF24', 'H2PR3', 'H2PF14', 'H1WP10', 'H1WP14', 'H1DS7', 'H1FS18', 'H2WP6'],55,29,27
119,0.7274881516587678,['H2FS18', 'H2ED17', 'S62P', 'H1ED16', 'H1PF2', 'H1WP14', 'H2FS14', 'H1TO3', 'H1PF16', 'H2ED13', 'H2GH25', 'H2FS1', 'PA21', 'H2TO25', 'H2DS8', 'H2PF1', 'H2FS6', 'H1GH52', 'H1FS4', 'H1WP5', 'H2DS2', 'H2EE14', 'H2PF24', 'H2PR3', 'H2PF14', 'H1WP10', 'H1WP14', 'H1DS7', 'H1FS18', 'H2WP6'],55,29,27
120,0.7274881516587678,['H2FS18', 'H2ED17', 'S62P', 'H1ED16', 'H1PF2', 'H1WP14', 'H2FS14', 'H1TO3', 'H1PF16', 'H2ED13', 'H2GH25', 'H2FS1', 'PA21', 'H2TO25', 'H2DS8', 'H2PF1', 'H2FS6', 'H1GH52', 'H1FS4', 'H1WP5', 'H2DS2', 'H2EE14', 'H2PF24', 'H2PR3', 'H2PF14', 'H1WP10', 'H1WP14', 'H1DS7', 'H1FS18', 'H2WP6'],55,29,27
121,0.7274881516587678,['H2FS18', 'H2ED17', 'S62P', 'H1ED16', 'H1PF2', 'H1WP14', 'H2FS14', 'H1TO3', 'H1PF16', 'H2ED13', 'H2GH25', 'H2FS1', 'PA21', 'H2TO25', 'H2DS8', 'H2PF1', 'H2FS6', 'H1GH52', 'H1FS4', 'H1WP5', 'H2DS2', 'H2EE14', 'H2PF24', 'H2PR3', 'H2PF14', 'H1WP10', 'H1WP14', 'H1DS7', 'H1FS18', 'H2WP6'],55,29,27
122,0.7274881516587678,['H2FS18', 'H2ED17', 'S62P', 'H1ED16', 'H1PF2', 'H1WP14', 'H2FS14', 'H1TO3', 'H1PF16', 'H2ED13', 'H2GH25', 'H2FS1', 'PA21', 'H2TO25', 'H2DS8', 'H2PF1', 'H2FS6', 'H1GH52', 'H1FS4', 'H1WP5', 'H2DS2', 'H2EE14', 'H2PF24', 'H2PR3', 'H2PF14', 'H1WP10', 'H1WP14', 'H1DS7', 'H1FS18', 'H2WP6'],55,29,27
123,0.7274881516587678,['H2FS18', 'H2ED17', 'S62P', 'H1ED16', 'H1PF2', 'H1WP14', 'H2FS14', 'H1TO3', 'H1PF16', 'H2ED13', 'H2GH25', 'H2FS1', 'PA21', 'H2TO25', 'H2DS8', 'H2PF1', 'H2FS6', 'H1GH52', 'H1FS4', 'H1WP5', 'H2DS2', 'H2EE14', 'H2PF24', 'H2PR3', 'H2PF14', 'H1WP10', 'H1WP14', 'H1DS7', 'H1FS18', 'H2WP6'],55,29,27
124,0.7274881516587678,['H2FS18', 'H2ED17', 'S62P', 'H1ED16', 'H1PF2', 'H1WP14', 'H2FS14', 'H1TO3', 'H1PF16', 'H2ED13', 'H2GH25', 'H2FS1', 'PA21', 'H2TO25', 'H2DS8', 'H2PF1', 'H2FS6', 'H1GH52', 'H1FS4', 'H1WP5', 'H2DS2', 'H2EE14', 'H2PF24', 'H2PR3', 'H2PF14', 'H1WP10', 'H1WP14', 'H1DS7', 'H1FS18', 'H2WP6'],55,29,27
125,0.7274881516587678,['H2FS18', 'H2ED17', 'S62P', 'H1ED16', 'H1PF2', 'H1WP14', 'H2FS14', 'H1TO3', 'H1PF16', 'H2ED13', 'H2GH25', 'H2FS1', 'PA21', 'H2TO25', 'H2DS8', 'H2PF1', 'H2FS6', 'H1GH52', 'H1FS4', 'H1WP5', 'H2DS2', 'H2EE14', 'H2PF24', 'H2PR3', 'H2PF14', 'H1WP10', 'H1WP14', 'H1DS7', 'H1FS18', 'H2WP6'],55,29,27
126,0.7280805687203792,['H2FS18', 'H2ED17', 'S62P', 'H1ED16', 'H1PF2', 'H1WP14', 'H2FS14', 'H1TO3', 'H1PF16', 'H2ED13', 'H2GH25', 'H2FS1', 'H2PF27', 'H2TO25', 'H2DS8', 'H2PF1', 'H2FS6', 'H1GH52', 'H1FS4', 'H1WP5', 'H2DS2', 'H2EE14', 'H2PF24', 'H2PR3', 'H2PF14', 'H1WP10', 'H1WP14', 'H1DS7', 'H1FS18', 'H2WP6'],54,27,28
127,0.7292654028436019,['H2FS18', 'H2ED17', 'S62P', 'H1ED16', 'H1PF2', 'H1WP14', 'H2FS14', 'H1TO3', 'H1PF16', 'H2PF26', 'H2GH25', 'H2FS1', 'H2PF27', 'H2TO25', 'H2DS8', 'H2PF1', 'H2FS6', 'H1GH52', 'H1FS4', 'H1WP5', 'H2DS2', 'H2EE14', 'H2PF24', 'H2PR3', 'H2PF14', 'H1WP10', 'H1WP14', 'H1DS7', 'H1FS18', 'H2WP6'],52,25,29
128,0.7292654028436019,['H2FS18', 'H2ED17', 'S62P', 'H1ED16', 'H1PF2', 'H1WP14', 'H2FS14', 'H1TO3', 'H1PF16', 'H2PF26', 'H2GH25', 'H2FS1', 'H2PF27', 'H2TO25', 'H2DS8', 'H2PF1', 'H2FS6', 'H1GH52', 'H1FS4', 'H1WP5', 'H2DS2', 'H2EE14', 'H2PF24', 'H2PR3', 'H2PF14', 'H1WP10', 'H1WP14', 'H1DS7', 'H1FS18', 'H2WP6'],52,25,29
129,0.7292654028436019,['H2FS18', 'H2ED17', 'S62P', 'H1ED16', 'H1PF2', 'H1WP14', 'H2FS14', 'H1TO3', 'H1PF16', 'H2PF26', 'H2GH25', 'H2FS1', 'H2PF27', 'H2TO25', 'H2DS8', 'H2PF1', 'H2FS6', 'H1GH52', 'H1FS4', 'H1WP5', 'H2DS2', 'H2EE14', 'H2PF24', 'H2PR3', 'H2PF14', 'H1WP10', 'H1WP14', 'H1DS7', 'H1FS18', 'H2WP6'],52,25,29
130,0.7292654028436019,['H2FS18', 'H2ED17', 'S62P', 'H1ED16', 'H1PF2', 'H1WP14', 'H2FS14', 'H1TO3', 'H1PF16', 'H2PF26', 'H2GH25', 'H2FS1', 'H2PF27', 'H2TO25', 'H2DS8', 'H2PF1', 'H2FS6', 'H1GH52', 'H1FS4', 'H1WP5', 'H2DS2', 'H2EE14', 'H2PF24', 'H2PR3', 'H2PF14', 'H1WP10', 'H1WP14', 'H1DS7', 'H1FS18', 'H2WP6'],52,25,29
131,0.7292654028436019,['H2FS18', 'H2ED17', 'S62P', 'H1ED16', 'H1PF2', 'H1WP14', 'H2FS14', 'H1TO3', 'H1PF16', 'H2PF26', 'H2GH25', 'H2FS1', 'H2PF27', 'H2TO25', 'H2DS8', 'H2PF1', 'H2FS6', 'H1GH52', 'H1FS4', 'H1WP5', 'H2DS2', 'H2EE14', 'H2PF24', 'H2PR3', 'H2PF14', 'H1WP10', 'H1WP14', 'H1DS7', 'H1FS18', 'H2WP6'],52,25,29
132,0.7292654028436019,['H2FS18', 'H2ED17', 'S62P', 'H1ED16', 'H1PF2', 'H1WP14', 'H2FS14', 'H1TO3', 'H1PF16', 'H2PF26', 'H2GH25', 'H2FS1', 'H2PF27', 'H2TO25', 'H2DS8', 'H2PF1', 'H2FS6', 'H1GH52', 'H1FS4', 'H1WP5', 'H2DS2', 'H2EE14', 'H2PF24', 'H2PR3', 'H2PF14', 'H1WP10', 'H1WP14', 'H1DS7', 'H1FS18', 'H2WP6'],52,25,29
133,0.7292654028436019,['H2FS18', 'H2ED17', 'S62P', 'H1ED16', 'H1PF2', 'H1WP14', 'H2FS14', 'H1TO3', 'H1PF16', 'H2PF26', 'H2GH25', 'H2FS1', 'H2PF27', 'H2TO25', 'H2DS8', 'H2PF1', 'H2FS6', 'H1GH52', 'H1FS4', 'H1WP5', 'H2DS2', 'H2EE14', 'H2PF24', 'H2PR3', 'H2PF14', 'H1WP10', 'H1WP14', 'H1DS7', 'H1FS18', 'H2WP6'],52,25,29
134,0.7334123222748815,['H2FS18', 'H2ED17', 'S62P', 'H1ED16', 'H1PF2', 'H1WP14', 'H2FS14', 'H1TO3', 'H1PF16', 'H2PF26', 'H2GH25', 'H2FS1', 'H2PF27', 'H2TO25', 'H2DS8', 'H2PF1', 'H2FS6', 'H1GH52', 'H1FS4', 'H1WP5', 'H2DS2', 'H2EE14', 'H2PF24', 'H2PR3', 'H2PF14', 'H1WP10', 'H1WP14', 'H1DS7', 'H1FS18', 'H1PF36'],50,26,27
135,0.7334123222748815,['H2FS18', 'H2ED17', 'S62P', 'H1ED16', 'H1PF2', 'H1WP14', 'H2FS14', 'H1TO3', 'H1PF16', 'H2PF26', 'H2GH25', 'H2FS1', 'H2PF27', 'H2TO25', 'H2DS8', 'H2PF1', 'H2FS6', 'H1GH52', 'H1FS4', 'H1WP5', 'H2DS2', 'H2EE14', 'H2PF24', 'H2PR3', 'H2PF14', 'H1WP10', 'H1WP14', 'H1DS7', 'H1FS18', 'H1PF36'],50,26,27
136,0.7334123222748815,['H2FS18', 'H2ED17', 'S62P', 'H1ED16', 'H1PF2', 'H1WP14', 'H2FS14', 'H1TO3', 'H1PF16', 'H2PF26', 'H2GH25', 'H2FS1', 'H2PF27', 'H2TO25', 'H2DS8', 'H2PF1', 'H2FS6', 'H1GH52', 'H1FS4', 'H1WP5', 'H2DS2', 'H2EE14', 'H2PF24', 'H2PR3', 'H2PF14', 'H1WP10', 'H1WP14', 'H1DS7', 'H1FS18', 'H1PF36'],50,26,27
137,0.7334123222748815,['H2FS18', 'H2ED17', 'S62P', 'H1ED16', 'H1PF2', 'H1WP14', 'H2FS14', 'H1TO3', 'H1PF16', 'H2PF26', 'H2GH25', 'H2FS1', 'H2PF27', 'H2TO25', 'H2DS8', 'H2PF1', 'H2FS6', 'H1GH52', 'H1FS4', 'H1WP5', 'H2DS2', 'H2EE14', 'H2PF24', 'H2PR3', 'H2PF14', 'H1WP10', 'H1WP14', 'H1DS7', 'H1FS18', 'H1PF36'],50,26,27
138,0.7334123222748815,['H2FS18', 'H2ED17', 'S62P', 'H1ED16', 'H1PF2', 'H1WP14', 'H2FS14', 'H1TO3', 'H1PF16', 'H2PF26', 'H2GH25', 'H2FS1', 'H2PF27', 'H2TO25', 'H2DS8', 'H2PF1', 'H2FS6', 'H1GH52', 'H1FS4', 'H1WP5', 'H2DS2', 'H2EE14', 'H2PF24', 'H2PR3', 'H2PF14', 'H1WP10', 'H1WP14', 'H1DS7', 'H1FS18', 'H1PF36'],50,26,27
139,0.7334123222748815,['H2FS18', 'H2ED17', 'S62P', 'H1ED16', 'H1PF2', 'H1WP14', 'H2FS14', 'H1TO3', 'H1PF16', 'H2PF26', 'H2GH25', 'H2FS1', 'H2PF27', 'H2TO25', 'H2DS8', 'H2PF1', 'H2FS6', 'H1GH52', 'H1FS4', 'H1WP5', 'H2DS2', 'H2EE14', 'H2PF24', 'H2PR3', 'H2PF14', 'H1WP10', 'H1WP14', 'H1DS7', 'H1FS18', 'H1PF36'],50,26,27
140,0.7334123222748815,['H2FS18', 'H2ED17', 'S62P', 'H1ED16', 'H1PF2', 'H1WP14', 'H2FS14', 'H1TO3', 'H1PF16', 'H2PF26', 'H2GH25', 'H2FS1', 'H2PF27', 'H2TO25', 'H2DS8', 'H2PF1', 'H2FS6', 'H1GH52', 'H1FS4', 'H1WP5', 'H2DS2', 'H2EE14', 'H2PF24', 'H2PR3', 'H2PF14', 'H1WP10', 'H1WP14', 'H1DS7', 'H1FS18', 'H1PF36'],50,26,27
141,0.7334123222748815,['H2FS18', 'H2ED17', 'S62P', 'H1ED16', 'H1PF2', 'H1WP14', 'H2FS14', 'H1TO3', 'H1PF16', 'H2PF26', 'H2GH25', 'H2FS1', 'H2PF27', 'H2TO25', 'H2DS8', 'H2PF1', 'H2FS6', 'H1GH52', 'H1FS4', 'H1WP5', 'H2DS2', 'H2EE14', 'H2PF24', 'H2PR3', 'H2PF14', 'H1WP10', 'H1WP14', 'H1DS7', 'H1FS18', 'H1PF36'],50,26,27
142,0.7334123222748815,['H2FS18', 'H2ED17', 'S62P', 'H1ED16', 'H1PF2', 'H1WP14', 'H2FS14', 'H1TO3', 'H1PF16', 'H2PF26', 'H2GH25', 'H2FS1', 'H2PF27', 'H2TO25', 'H2DS8', 'H2PF1', 'H2FS6', 'H1GH52', 'H1FS4', 'H1WP5', 'H2DS2', 'H2EE14', 'H2PF24', 'H2PR3', 'H2PF14', 'H1WP10', 'H1WP14', 'H1DS7', 'H1FS18', 'H1PF36'],50,26,27
143,0.7334123222748815,['H2FS18', 'H2ED17', 'S62P', 'H1ED16', 'H1PF2', 'H1WP14', 'H2FS14', 'H1TO3', 'H1PF16', 'H2PF26', 'H2GH25', 'H2FS1', 'H2PF27', 'H2TO25', 'H2DS8', 'H2PF1', 'H2FS6', 'H1GH52', 'H1FS4', 'H1WP5', 'H2DS2', 'H2EE14', 'H2PF24', 'H2PR3', 'H2PF14', 'H1WP10', 'H1WP14', 'H1DS7', 'H1FS18', 'H1PF36'],50,26,27
144,0.7334123222748815,['H2FS18', 'H2ED17', 'S62P', 'H1ED16', 'H1PF2', 'H1WP14', 'H2FS14', 'H1TO3', 'H1PF16', 'H2PF26', 'H2GH25', 'H2FS1', 'H2PF27', 'H2TO25', 'H2DS8', 'H2PF1', 'H2FS6', 'H1GH52', 'H1FS4', 'H1WP5', 'H2DS2', 'H2EE14', 'H2PF24', 'H2PR3', 'H2PF14', 'H1WP10', 'H1WP14', 'H1DS7', 'H1FS18', 'H1PF36'],50,26,27
145,0.7334123222748815,['H2FS18', 'H2ED17', 'S62P', 'H1ED16', 'H1PF2', 'H1WP14', 'H2FS14', 'H1TO3', 'H1PF16', 'H2PF26', 'H2GH25', 'H2FS1', 'H2PF27', 'H2TO25', 'H2DS8', 'H2PF1', 'H2FS6', 'H1GH52', 'H1FS4', 'H1WP5', 'H2DS2', 'H2EE14', 'H2PF24', 'H2PR3', 'H2PF14', 'H1WP10', 'H1WP14', 'H1DS7', 'H1FS18', 'H1PF36'],50,26,27
146,0.7334123222748815,['H2FS18', 'H2ED17', 'S62P', 'H1ED16', 'H1PF2', 'H1WP14', 'H2FS14', 'H1TO3', 'H1PF16', 'H2PF26', 'H2GH25', 'H2FS1', 'H2PF27', 'H2TO25', 'H2DS8', 'H2PF1', 'H2FS6', 'H1GH52', 'H1FS4', 'H1WP5', 'H2DS2', 'H2EE14', 'H2PF24', 'H2PR3', 'H2PF14', 'H1WP10', 'H1WP14', 'H1DS7', 'H1FS18', 'H1PF36'],50,26,27
147,0.7334123222748815,['H2FS18', 'H2ED17', 'S62P', 'H1ED16', 'H1PF2', 'H1WP14', 'H2FS14', 'H1TO3', 'H1PF16', 'H2PF26', 'H2GH25', 'H2FS1', 'H2PF27', 'H2TO25', 'H2DS8', 'H2PF1', 'H2FS6', 'H1GH52', 'H1FS4', 'H1WP5', 'H2DS2', 'H2EE14', 'H2PF24', 'H2PR3', 'H2PF14', 'H1WP10', 'H1WP14', 'H1DS7', 'H1FS18', 'H1PF36'],50,26,27
148,0.7334123222748815,['H2FS18', 'H2ED17', 'S62P', 'H1ED16', 'H1PF2', 'H1WP14', 'H2FS14', 'H1TO3', 'H1PF16', 'H2PF26', 'H2GH25', 'H2FS1', 'H2PF27', 'H2TO25', 'H2DS8', 'H2PF1', 'H2FS6', 'H1GH52', 'H1FS4', 'H1WP5', 'H2DS2', 'H2EE14', 'H2PF24', 'H2PR3', 'H2PF14', 'H1WP10', 'H1WP14', 'H1DS7', 'H1FS18', 'H1PF36'],50,26,27
149,0.7334123222748815,['H2FS18', 'H2ED17', 'S62P', 'H1ED16', 'H1PF2', 'H1WP14', 'H2FS14', 'H1TO3', 'H1PF16', 'H2PF26', 'H2GH25', 'H2FS1', 'H2PF27', 'H2TO25', 'H2DS8', 'H2PF1', 'H2FS6', 'H1GH52', 'H1FS4', 'H1WP5', 'H2DS2', 'H2EE14', 'H2PF24', 'H2PR3', 'H2PF14', 'H1WP10', 'H1WP14', 'H1DS7', 'H1FS18', 'H1PF36'],50,26,27
150,0.7334123222748815,['H2FS18', 'H2ED17', 'S62P', 'H1ED16', 'H1PF2', 'H1WP14', 'H2FS14', 'H1TO3', 'H1PF16', 'H2PF26', 'H2GH25', 'H2FS1', 'H2PF27', 'H2TO25', 'H2DS8', 'H2PF1', 'H2FS6', 'H1GH52', 'H1FS4', 'H1WP5', 'H2DS2', 'H2EE14', 'H2PF24', 'H2PR3', 'H2PF14', 'H1WP10', 'H1WP14', 'H1DS7', 'H1FS18', 'H1PF36'],50,26,27
151,0.7334123222748815,['H2FS18', 'H2ED17', 'S62P', 'H1ED16', 'H1PF2', 'H1WP14', 'H2FS14', 'H1TO3', 'H1PF16', 'H2PF26', 'H2GH25', 'H2FS1', 'H2PF27', 'H2TO25', 'H2DS8', 'H2PF1', 'H2FS6', 'H1GH52', 'H1FS4', 'H1WP5', 'H2DS2', 'H2EE14', 'H2PF24', 'H2PR3', 'H2PF14', 'H1WP10', 'H1WP14', 'H1DS7', 'H1FS18', 'H1PF36'],50,26,27
152,0.7334123222748815,['H2FS18', 'H2ED17', 'S62P', 'H1ED16', 'H1PF2', 'H1WP14', 'H2FS14', 'H1TO3', 'H1PF16', 'H2PF26', 'H2GH25', 'H2FS1', 'H2PF27', 'H2TO25', 'H2DS8', 'H2PF1', 'H2FS6', 'H1GH52', 'H1FS4', 'H1WP5', 'H2DS2', 'H2EE14', 'H2PF24', 'H2PR3', 'H2PF14', 'H1WP10', 'H1WP14', 'H1DS7', 'H1FS18', 'H1PF36'],50,26,27
153,0.7334123222748815,['H2FS18', 'H2ED17', 'S62P', 'H1ED16', 'H1PF2', 'H1WP14', 'H2FS14', 'H1TO3', 'H1PF16', 'H2PF26', 'H2GH25', 'H2FS1', 'H2PF27', 'H2TO25', 'H2DS8', 'H2PF1', 'H2FS6', 'H1GH52', 'H1FS4', 'H1WP5', 'H2DS2', 'H2EE14', 'H2PF24', 'H2PR3', 'H2PF14', 'H1WP10', 'H1WP14', 'H1DS7', 'H1FS18', 'H1PF36'],50,26,27
154,0.7334123222748815,['H2FS18', 'H2ED17', 'S62P', 'H1ED16', 'H1PF2', 'H1WP14', 'H2FS14', 'H1TO3', 'H1PF16', 'H2PF26', 'H2GH25', 'H2FS1', 'H2PF27', 'H2TO25', 'H2DS8', 'H2PF1', 'H2FS6', 'H1GH52', 'H1FS4', 'H1WP5', 'H2DS2', 'H2EE14', 'H2PF24', 'H2PR3', 'H2PF14', 'H1WP10', 'H1WP14', 'H1DS7', 'H1FS18', 'H1PF36'],50,26,27
155,0.7334123222748815,['H2FS18', 'H2ED17', 'S62P', 'H1ED16', 'H1PF2', 'H1WP14', 'H2FS14', 'H1TO3', 'H1PF16', 'H2PF26', 'H2GH25', 'H2FS1', 'H2PF27', 'H2TO25', 'H2DS8', 'H2PF1', 'H2FS6', 'H1GH52', 'H1FS4', 'H1WP5', 'H2DS2', 'H2EE14', 'H2PF24', 'H2PR3', 'H2PF14', 'H1WP10', 'H1WP14', 'H1DS7', 'H1FS18', 'H1PF36'],50,26,27
156,0.7334123222748815,['H2FS18', 'H2ED17', 'S62P', 'H1ED16', 'H1PF2', 'H1WP14', 'H2FS14', 'H1TO3', 'H1PF16', 'H2PF26', 'H2GH25', 'H2FS1', 'H2PF27', 'H2TO25', 'H2DS8', 'H2PF1', 'H2FS6', 'H1GH52', 'H1FS4', 'H1WP5', 'H2DS2', 'H2EE14', 'H2PF24', 'H2PR3', 'H2PF14', 'H1WP10', 'H1WP14', 'H1DS7', 'H1FS18', 'H1PF36'],50,26,27
157,0.7334123222748815,['H2FS18', 'H2ED17', 'S62P', 'H1ED16', 'H1PF2', 'H1WP14', 'H2FS14', 'H1TO3', 'H1PF16', 'H2PF26', 'H2GH25', 'H2FS1', 'H2PF27', 'H2TO25', 'H2DS8', 'H2PF1', 'H2FS6', 'H1GH52', 'H1FS4', 'H1WP5', 'H2DS2', 'H2EE14', 'H2PF24', 'H2PR3', 'H2PF14', 'H1WP10', 'H1WP14', 'H1DS7', 'H1FS18', 'H1PF36'],50,26,27
158,0.7334123222748815,['H2FS18', 'H2ED17', 'S62P', 'H1ED16', 'H1PF2', 'H1WP14', 'H2FS14', 'H1TO3', 'H1PF16', 'H2PF26', 'H2GH25', 'H2FS1', 'H2PF27', 'H2TO25', 'H2DS8', 'H2PF1', 'H2FS6', 'H1GH52', 'H1FS4', 'H1WP5', 'H2DS2', 'H2EE14', 'H2PF24', 'H2PR3', 'H2PF14', 'H1WP10', 'H1WP14', 'H1DS7', 'H1FS18', 'H1PF36'],50,26,27
159,0.7334123222748815,['H2FS18', 'H2ED17', 'S62P', 'H1ED16', 'H1PF2', 'H1WP14', 'H2FS14', 'H1TO3', 'H1PF16', 'H2PF26', 'H2GH25', 'H2FS1', 'H2PF27', 'H2TO25', 'H2DS8', 'H2PF1', 'H2FS6', 'H1GH52', 'H1FS4', 'H1WP5', 'H2DS2', 'H2EE14', 'H2PF24', 'H2PR3', 'H2PF14', 'H1WP10', 'H1WP14', 'H1DS7', 'H1FS18', 'H1PF36'],50,26,27
160,0.7334123222748815,['H2FS18', 'H2ED17', 'S62P', 'H1ED16', 'H1PF2', 'H1WP14', 'H2FS14', 'H1TO3', 'H1PF16', 'H2PF26', 'H2GH25', 'H2FS1', 'H2PF27', 'H2TO25', 'H2DS8', 'H2PF1', 'H2FS6', 'H1GH52', 'H1FS4', 'H1WP5', 'H2DS2', 'H2EE14', 'H2PF24', 'H2PR3', 'H2PF14', 'H1WP10', 'H1WP14', 'H1DS7', 'H1FS18', 'H1PF36'],50,26,27
161,0.7334123222748815,['H2FS18', 'H2ED17', 'S62P', 'H1ED16', 'H1PF2', 'H1WP14', 'H2FS14', 'H1TO3', 'H1PF16', 'H2PF26', 'H2GH25', 'H2FS1', 'H2PF27', 'H2TO25', 'H2DS8', 'H2PF1', 'H2FS6', 'H1GH52', 'H1FS4', 'H1WP5', 'H2DS2', 'H2EE14', 'H2PF24', 'H2PR3', 'H2PF14', 'H1WP10', 'H1WP14', 'H1DS7', 'H1FS18', 'H1PF36'],50,26,27
162,0.7334123222748815,['H2FS18', 'H2ED17', 'S62P', 'H1ED16', 'H1PF2', 'H1WP14', 'H2FS14', 'H1TO3', 'H1PF16', 'H2PF26', 'H2GH25', 'H2FS1', 'H2PF27', 'H2TO25', 'H2DS8', 'H2PF1', 'H2FS6', 'H1GH52', 'H1FS4', 'H1WP5', 'H2DS2', 'H2EE14', 'H2PF24', 'H2PR3', 'H2PF14', 'H1WP10', 'H1WP14', 'H1DS7', 'H1FS18', 'H1PF36'],50,26,27
163,0.7334123222748815,['H2FS18', 'H2ED17', 'S62P', 'H1ED16', 'H1PF2', 'H1WP14', 'H2FS14', 'H1TO3', 'H1PF16', 'H2PF26', 'H2GH25', 'H2FS1', 'H2PF27', 'H2TO25', 'H2DS8', 'H2PF1', 'H2FS6', 'H1GH52', 'H1FS4', 'H1WP5', 'H2DS2', 'H2EE14', 'H2PF24', 'H2PR3', 'H2PF14', 'H1WP10', 'H1WP14', 'H1DS7', 'H1FS18', 'H1PF36'],50,26,27
164,0.7334123222748815,['H2FS18', 'H2ED17', 'S62P', 'H1ED16', 'H1PF2', 'H1WP14', 'H2FS14', 'H1TO3', 'H1PF16', 'H2PF26', 'H2GH25', 'H2FS1', 'H2PF27', 'H2TO25', 'H2DS8', 'H2PF1', 'H2FS6', 'H1GH52', 'H1FS4', 'H1WP5', 'H2DS2', 'H2EE14', 'H2PF24', 'H2PR3', 'H2PF14', 'H1WP10', 'H1WP14', 'H1DS7', 'H1FS18', 'H1PF36'],50,26,27
165,0.7334123222748815,['H2FS18', 'H2ED17', 'S62P', 'H1ED16', 'H1PF2', 'H1WP14', 'H2FS14', 'H1TO3', 'H1PF16', 'H2PF26', 'H2GH25', 'H2FS1', 'H2PF27', 'H2TO25', 'H2DS8', 'H2PF1', 'H2FS6', 'H1GH52', 'H1FS4', 'H1WP5', 'H2DS2', 'H2EE14', 'H2PF24', 'H2PR3', 'H2PF14', 'H1WP10', 'H1WP14', 'H1DS7', 'H1FS18', 'H1PF36'],50,26,27
166,0.7334123222748815,['H2FS18', 'H2ED17', 'S62P', 'H1ED16', 'H1PF2', 'H1WP14', 'H2FS14', 'H1TO3', 'H1PF16', 'H2PF26', 'H2GH25', 'H2FS1', 'H2PF27', 'H2TO25', 'H2DS8', 'H2PF1', 'H2FS6', 'H1GH52', 'H1FS4', 'H1WP5', 'H2DS2', 'H2EE14', 'H2PF24', 'H2PR3', 'H2PF14', 'H1WP10', 'H1WP14', 'H1DS7', 'H1FS18', 'H1PF36'],50,26,27
167,0.7334123222748815,['H2FS18', 'H2ED17', 'S62P', 'H1ED16', 'H1PF2', 'H1WP14', 'H2FS14', 'H1TO3', 'H1PF16', 'H2PF26', 'H2GH25', 'H2FS1', 'H2PF27', 'H2TO25', 'H2DS8', 'H2PF1', 'H2FS6', 'H1GH52', 'H1FS4', 'H1WP5', 'H2DS2', 'H2EE14', 'H2PF24', 'H2PR3', 'H2PF14', 'H1WP10', 'H1WP14', 'H1DS7', 'H1FS18', 'H1PF36'],50,26,27
168,0.7334123222748815,['H2FS18', 'H2ED17', 'S62P', 'H1ED16', 'H1PF2', 'H1WP14', 'H2FS14', 'H1TO3', 'H1PF16', 'H2PF26', 'H2GH25', 'H2FS1', 'H2PF27', 'H2TO25', 'H2DS8', 'H2PF1', 'H2FS6', 'H1GH52', 'H1FS4', 'H1WP5', 'H2DS2', 'H2EE14', 'H2PF24', 'H2PR3', 'H2PF14', 'H1WP10', 'H1WP14', 'H1DS7', 'H1FS18', 'H1PF36'],50,26,27
169,0.7334123222748815,['H2FS18', 'H2ED17', 'S62P', 'H1ED16', 'H1PF2', 'H1WP14', 'H2FS14', 'H1TO3', 'H1PF16', 'H2PF26', 'H2GH25', 'H2FS1', 'H2PF27', 'H2TO25', 'H2DS8', 'H2PF1', 'H2FS6', 'H1GH52', 'H1FS4', 'H1WP5', 'H2DS2', 'H2EE14', 'H2PF24', 'H2PR3', 'H2PF14', 'H1WP10', 'H1WP14', 'H1DS7', 'H1FS18', 'H1PF36'],50,26,27
170,0.7334123222748815,['H2FS18', 'H2ED17', 'S62P', 'H1ED16', 'H1PF2', 'H1WP14', 'H2FS14', 'H1TO3', 'H1PF16', 'H2PF26', 'H2GH25', 'H2FS1', 'H2PF27', 'H2TO25', 'H2DS8', 'H2PF1', 'H2FS6', 'H1GH52', 'H1FS4', 'H1WP5', 'H2DS2', 'H2EE14', 'H2PF24', 'H2PR3', 'H2PF14', 'H1WP10', 'H1WP14', 'H1DS7', 'H1FS18', 'H1PF36'],50,26,27
171,0.7334123222748815,['H2FS18', 'H2ED17', 'S62P', 'H1ED16', 'H1PF2', 'H1WP14', 'H2FS14', 'H1TO3', 'H1PF16', 'H2PF26', 'H2GH25', 'H2FS1', 'H2PF27', 'H2TO25', 'H2DS8', 'H2PF1', 'H2FS6', 'H1GH52', 'H1FS4', 'H1WP5', 'H2DS2', 'H2EE14', 'H2PF24', 'H2PR3', 'H2PF14', 'H1WP10', 'H1WP14', 'H1DS7', 'H1FS18', 'H1PF36'],50,26,27
172,0.7334123222748815,['H2FS18', 'H2ED17', 'S62P', 'H1ED16', 'H1PF2', 'H1WP14', 'H2FS14', 'H1TO3', 'H1PF16', 'H2PF26', 'H2GH25', 'H2FS1', 'H2PF27', 'H2TO25', 'H2DS8', 'H2PF1', 'H2FS6', 'H1GH52', 'H1FS4', 'H1WP5', 'H2DS2', 'H2EE14', 'H2PF24', 'H2PR3', 'H2PF14', 'H1WP10', 'H1WP14', 'H1DS7', 'H1FS18', 'H1PF36'],50,26,27
173,0.7334123222748815,['H2FS18', 'H2ED17', 'S62P', 'H1ED16', 'H1PF2', 'H1WP14', 'H2FS14', 'H1TO3', 'H1PF16', 'H2PF26', 'H2GH25', 'H2FS1', 'H2PF27', 'H2TO25', 'H2DS8', 'H2PF1', 'H2FS6', 'H1GH52', 'H1FS4', 'H1WP5', 'H2DS2', 'H2EE14', 'H2PF24', 'H2PR3', 'H2PF14', 'H1WP10', 'H1WP14', 'H1DS7', 'H1FS18', 'H1PF36'],50,26,27
174,0.7334123222748815,['H2FS18', 'H2ED17', 'S62P', 'H1ED16', 'H1PF2', 'H1WP14', 'H2FS14', 'H1TO3', 'H1PF16', 'H2PF26', 'H2GH25', 'H2FS1', 'H2PF27', 'H2TO25', 'H2DS8', 'H2PF1', 'H2FS6', 'H1GH52', 'H1FS4', 'H1WP5', 'H2DS2', 'H2EE14', 'H2PF24', 'H2PR3', 'H2PF14', 'H1WP10', 'H1WP14', 'H1DS7', 'H1FS18', 'H1PF36'],50,26,27
175,0.7334123222748815,['H2FS18', 'H2ED17', 'S62P', 'H1ED16', 'H1PF2', 'H1WP14', 'H2FS14', 'H1TO3', 'H1PF16', 'H2PF26', 'H2GH25', 'H2FS1', 'H2PF27', 'H2TO25', 'H2DS8', 'H2PF1', 'H2FS6', 'H1GH52', 'H1FS4', 'H1WP5', 'H2DS2', 'H2EE14', 'H2PF24', 'H2PR3', 'H2PF14', 'H1WP10', 'H1WP14', 'H1DS7', 'H1FS18', 'H1PF36'],50,26,27
176,0.7334123222748815,['H2FS18', 'H2ED17', 'S62P', 'H1ED16', 'H1PF2', 'H1WP14', 'H2FS14', 'H1TO3', 'H1PF16', 'H2PF26', 'H2GH25', 'H2FS1', 'H2PF27', 'H2TO25', 'H2DS8', 'H2PF1', 'H2FS6', 'H1GH52', 'H1FS4', 'H1WP5', 'H2DS2', 'H2EE14', 'H2PF24', 'H2PR3', 'H2PF14', 'H1WP10', 'H1WP14', 'H1DS7', 'H1FS18', 'H1PF36'],50,26,27
177,0.7334123222748815,['H2FS18', 'H2ED17', 'S62P', 'H1ED16', 'H1PF2', 'H1WP14', 'H2FS14', 'H1TO3', 'H1PF16', 'H2PF26', 'H2GH25', 'H2FS1', 'H2PF27', 'H2TO25', 'H2DS8', 'H2PF1', 'H2FS6', 'H1GH52', 'H1FS4', 'H1WP5', 'H2DS2', 'H2EE14', 'H2PF24', 'H2PR3', 'H2PF14', 'H1WP10', 'H1WP14', 'H1DS7', 'H1FS18', 'H1PF36'],50,26,27
178,0.7334123222748815,['H2FS18', 'H2ED17', 'S62P', 'H1ED16', 'H1PF2', 'H1WP14', 'H2FS14', 'H1TO3', 'H1PF16', 'H2PF26', 'H2GH25', 'H2FS1', 'H2PF27', 'H2TO25', 'H2DS8', 'H2PF1', 'H2FS6', 'H1GH52', 'H1FS4', 'H1WP5', 'H2DS2', 'H2EE14', 'H2PF24', 'H2PR3', 'H2PF14', 'H1WP10', 'H1WP14', 'H1DS7', 'H1FS18', 'H1PF36'],50,26,27
179,0.7334123222748815,['H2FS18', 'H2ED17', 'S62P', 'H1ED16', 'H1PF2', 'H1WP14', 'H2FS14', 'H1TO3', 'H1PF16', 'H2PF26', 'H2GH25', 'H2FS1', 'H2PF27', 'H2TO25', 'H2DS8', 'H2PF1', 'H2FS6', 'H1GH52', 'H1FS4', 'H1WP5', 'H2DS2', 'H2EE14', 'H2PF24', 'H2PR3', 'H2PF14', 'H1WP10', 'H1WP14', 'H1DS7', 'H1FS18', 'H1PF36'],50,26,27
180,0.7334123222748815,['H2FS18', 'H2ED17', 'S62P', 'H1ED16', 'H1PF2', 'H1WP14', 'H2FS14', 'H1TO3', 'H1PF16', 'H2PF26', 'H2GH25', 'H2FS1', 'H2PF27', 'H2TO25', 'H2DS8', 'H2PF1', 'H2FS6', 'H1GH52', 'H1FS4', 'H1WP5', 'H2DS2', 'H2EE14', 'H2PF24', 'H2PR3', 'H2PF14', 'H1WP10', 'H1WP14', 'H1DS7', 'H1FS18', 'H1PF36'],50,26,27
181,0.7334123222748815,['H2FS18', 'H2ED17', 'S62P', 'H1ED16', 'H1PF2', 'H1WP14', 'H2FS14', 'H1TO3', 'H1PF16', 'H2PF26', 'H2GH25', 'H2FS1', 'H2PF27', 'H2TO25', 'H2DS8', 'H2PF1', 'H2FS6', 'H1GH52', 'H1FS4', 'H1WP5', 'H2DS2', 'H2EE14', 'H2PF24', 'H2PR3', 'H2PF14', 'H1WP10', 'H1WP14', 'H1DS7', 'H1FS18', 'H1PF36'],50,26,27
182,0.7334123222748815,['H2FS18', 'H2ED17', 'S62P', 'H1ED16', 'H1PF2', 'H1WP14', 'H2FS14', 'H1TO3', 'H1PF16', 'H2PF26', 'H2GH25', 'H2FS1', 'H2PF27', 'H2TO25', 'H2DS8', 'H2PF1', 'H2FS6', 'H1GH52', 'H1FS4', 'H1WP5', 'H2DS2', 'H2EE14', 'H2PF24', 'H2PR3', 'H2PF14', 'H1WP10', 'H1WP14', 'H1DS7', 'H1FS18', 'H1PF36'],50,26,27
183,0.7334123222748815,['H2FS18', 'H2ED17', 'S62P', 'H1ED16', 'H1PF2', 'H1WP14', 'H2FS14', 'H1TO3', 'H1PF16', 'H2PF26', 'H2GH25', 'H2FS1', 'H2PF27', 'H2TO25', 'H2DS8', 'H2PF1', 'H2FS6', 'H1GH52', 'H1FS4', 'H1WP5', 'H2DS2', 'H2EE14', 'H2PF24', 'H2PR3', 'H2PF14', 'H1WP10', 'H1WP14', 'H1DS7', 'H1FS18', 'H1PF36'],50,26,27
184,0.7334123222748815,['H2FS18', 'H2ED17', 'S62P', 'H1ED16', 'H1PF2', 'H1WP14', 'H2FS14', 'H1TO3', 'H1PF16', 'H2PF26', 'H2GH25', 'H2FS1', 'H2PF27', 'H2TO25', 'H2DS8', 'H2PF1', 'H2FS6', 'H1GH52', 'H1FS4', 'H1WP5', 'H2DS2', 'H2EE14', 'H2PF24', 'H2PR3', 'H2PF14', 'H1WP10', 'H1WP14', 'H1DS7', 'H1FS18', 'H1PF36'],50,26,27
185,0.7334123222748815,['H2FS18', 'H2ED17', 'S62P', 'H1ED16', 'H1PF2', 'H1WP14', 'H2FS14', 'H1TO3', 'H1PF16', 'H2PF26', 'H2GH25', 'H2FS1', 'H2PF27', 'H2TO25', 'H2DS8', 'H2PF1', 'H2FS6', 'H1GH52', 'H1FS4', 'H1WP5', 'H2DS2', 'H2EE14', 'H2PF24', 'H2PR3', 'H2PF14', 'H1WP10', 'H1WP14', 'H1DS7', 'H1FS18', 'H1PF36'],50,26,27
186,0.7334123222748815,['H2FS18', 'H2ED17', 'S62P', 'H1ED16', 'H1PF2', 'H1WP14', 'H2FS14', 'H1TO3', 'H1PF16', 'H2PF26', 'H2GH25', 'H2FS1', 'H2PF27', 'H2TO25', 'H2DS8', 'H2PF1', 'H2FS6', 'H1GH52', 'H1FS4', 'H1WP5', 'H2DS2', 'H2EE14', 'H2PF24', 'H2PR3', 'H2PF14', 'H1WP10', 'H1WP14', 'H1DS7', 'H1FS18', 'H1PF36'],50,26,27
187,0.7334123222748815,['H2FS18', 'H2ED17', 'S62P', 'H1ED16', 'H1PF2', 'H1WP14', 'H2FS14', 'H1TO3', 'H1PF16', 'H2PF26', 'H2GH25', 'H2FS1', 'H2PF27', 'H2TO25', 'H2DS8', 'H2PF1', 'H2FS6', 'H1GH52', 'H1FS4', 'H1WP5', 'H2DS2', 'H2EE14', 'H2PF24', 'H2PR3', 'H2PF14', 'H1WP10', 'H1WP14', 'H1DS7', 'H1FS18', 'H1PF36'],50,26,27
188,0.7334123222748815,['H2FS18', 'H2ED17', 'S62P', 'H1ED16', 'H1PF2', 'H1WP14', 'H2FS14', 'H1TO3', 'H1PF16', 'H2PF26', 'H2GH25', 'H2FS1', 'H2PF27', 'H2TO25', 'H2DS8', 'H2PF1', 'H2FS6', 'H1GH52', 'H1FS4', 'H1WP5', 'H2DS2', 'H2EE14', 'H2PF24', 'H2PR3', 'H2PF14', 'H1WP10', 'H1WP14', 'H1DS7', 'H1FS18', 'H1PF36'],50,26,27
189,0.7334123222748815,['H2FS18', 'H2ED17', 'S62P', 'H1ED16', 'H1PF2', 'H1WP14', 'H2FS14', 'H1TO3', 'H1PF16', 'H2PF26', 'H2GH25', 'H2FS1', 'H2PF27', 'H2TO25', 'H2DS8', 'H2PF1', 'H2FS6', 'H1GH52', 'H1FS4', 'H1WP5', 'H2DS2', 'H2EE14', 'H2PF24', 'H2PR3', 'H2PF14', 'H1WP10', 'H1WP14', 'H1DS7', 'H1FS18', 'H1PF36'],50,26,27
190,0.7334123222748815,['H2FS18', 'H2ED17', 'S62P', 'H1ED16', 'H1PF2', 'H1WP14', 'H2FS14', 'H1TO3', 'H1PF16', 'H2PF26', 'H2GH25', 'H2FS1', 'H2PF27', 'H2TO25', 'H2DS8', 'H2PF1', 'H2FS6', 'H1GH52', 'H1FS4', 'H1WP5', 'H2DS2', 'H2EE14', 'H2PF24', 'H2PR3', 'H2PF14', 'H1WP10', 'H1WP14', 'H1DS7', 'H1FS18', 'H1PF36'],50,26,27
191,0.7334123222748815,['H2FS18', 'H2ED17', 'S62P', 'H1ED16', 'H1PF2', 'H1WP14', 'H2FS14', 'H1TO3', 'H1PF16', 'H2PF26', 'H2GH25', 'H2FS1', 'H2PF27', 'H2TO25', 'H2DS8', 'H2PF1', 'H2FS6', 'H1GH52', 'H1FS4', 'H1WP5', 'H2DS2', 'H2EE14', 'H2PF24', 'H2PR3', 'H2PF14', 'H1WP10', 'H1WP14', 'H1DS7', 'H1FS18', 'H1PF36'],50,26,27
192,0.7334123222748815,['H2FS18', 'H2ED17', 'S62P', 'H1ED16', 'H1PF2', 'H1WP14', 'H2FS14', 'H1TO3', 'H1PF16', 'H2PF26', 'H2GH25', 'H2FS1', 'H2PF27', 'H2TO25', 'H2DS8', 'H2PF1', 'H2FS6', 'H1GH52', 'H1FS4', 'H1WP5', 'H2DS2', 'H2EE14', 'H2PF24', 'H2PR3', 'H2PF14', 'H1WP10', 'H1WP14', 'H1DS7', 'H1FS18', 'H1PF36'],50,26,27
193,0.7334123222748815,['H2FS18', 'H2ED17', 'S62P', 'H1ED16', 'H1PF2', 'H1WP14', 'H2FS14', 'H1TO3', 'H1PF16', 'H2PF26', 'H2GH25', 'H2FS1', 'H2PF27', 'H2TO25', 'H2DS8', 'H2PF1', 'H2FS6', 'H1GH52', 'H1FS4', 'H1WP5', 'H2DS2', 'H2EE14', 'H2PF24', 'H2PR3', 'H2PF14', 'H1WP10', 'H1WP14', 'H1DS7', 'H1FS18', 'H1PF36'],50,26,27
194,0.7334123222748815,['H2FS18', 'H2ED17', 'S62P', 'H1ED16', 'H1PF2', 'H1WP14', 'H2FS14', 'H1TO3', 'H1PF16', 'H2PF26', 'H2GH25', 'H2FS1', 'H2PF27', 'H2TO25', 'H2DS8', 'H2PF1', 'H2FS6', 'H1GH52', 'H1FS4', 'H1WP5', 'H2DS2', 'H2EE14', 'H2PF24', 'H2PR3', 'H2PF14', 'H1WP10', 'H1WP14', 'H1DS7', 'H1FS18', 'H1PF36'],50,26,27
195,0.7334123222748815,['H2FS18', 'H2ED17', 'S62P', 'H1ED16', 'H1PF2', 'H1WP14', 'H2FS14', 'H1TO3', 'H1PF16', 'H2PF26', 'H2GH25', 'H2FS1', 'H2PF27', 'H2TO25', 'H2DS8', 'H2PF1', 'H2FS6', 'H1GH52', 'H1FS4', 'H1WP5', 'H2DS2', 'H2EE14', 'H2PF24', 'H2PR3', 'H2PF14', 'H1WP10', 'H1WP14', 'H1DS7', 'H1FS18', 'H1PF36'],50,26,27
196,0.7334123222748815,['H2FS18', 'H2ED17', 'S62P', 'H1ED16', 'H1PF2', 'H1WP14', 'H2FS14', 'H1TO3', 'H1PF16', 'H2PF26', 'H2GH25', 'H2FS1', 'H2PF27', 'H2TO25', 'H2DS8', 'H2PF1', 'H2FS6', 'H1GH52', 'H1FS4', 'H1WP5', 'H2DS2', 'H2EE14', 'H2PF24', 'H2PR3', 'H2PF14', 'H1WP10', 'H1WP14', 'H1DS7', 'H1FS18', 'H1PF36'],50,26,27
197,0.7334123222748815,['H2FS18', 'H2ED17', 'S62P', 'H1ED16', 'H1PF2', 'H1WP14', 'H2FS14', 'H1TO3', 'H1PF16', 'H2PF26', 'H2GH25', 'H2FS1', 'H2PF27', 'H2TO25', 'H2DS8', 'H2PF1', 'H2FS6', 'H1GH52', 'H1FS4', 'H1WP5', 'H2DS2', 'H2EE14', 'H2PF24', 'H2PR3', 'H2PF14', 'H1WP10', 'H1WP14', 'H1DS7', 'H1FS18', 'H1PF36'],50,26,27
198,0.7334123222748815,['H2FS18', 'H2ED17', 'S62P', 'H1ED16', 'H1PF2', 'H1WP14', 'H2FS14', 'H1TO3', 'H1PF16', 'H2PF26', 'H2GH25', 'H2FS1', 'H2PF27', 'H2TO25', 'H2DS8', 'H2PF1', 'H2FS6', 'H1GH52', 'H1FS4', 'H1WP5', 'H2DS2', 'H2EE14', 'H2PF24', 'H2PR3', 'H2PF14', 'H1WP10', 'H1WP14', 'H1DS7', 'H1FS18', 'H1PF36'],50,26,27
199,0.7334123222748815,['H2FS18', 'H2ED17', 'S62P', 'H1ED16', 'H1PF2', 'H1WP14', 'H2FS14', 'H1TO3', 'H1PF16', 'H2PF26', 'H2GH25', 'H2FS1', 'H2PF27', 'H2TO25', 'H2DS8', 'H2PF1', 'H2FS6', 'H1GH52', 'H1FS4', 'H1WP5', 'H2DS2', 'H2EE14', 'H2PF24', 'H2PR3', 'H2PF14', 'H1WP10', 'H1WP14', 'H1DS7', 'H1FS18', 'H1PF36'],50,26,27
200,0.7334123222748815,['H2FS18', 'H2ED17', 'S62P', 'H1ED16', 'H1PF2', 'H1WP14', 'H2FS14', 'H1TO3', 'H1PF16', 'H2PF26', 'H2GH25', 'H2FS1', 'H2PF27', 'H2TO25', 'H2DS8', 'H2PF1', 'H2FS6', 'H1GH52', 'H1FS4', 'H1WP5', 'H2DS2', 'H2EE14', 'H2PF24', 'H2PR3', 'H2PF14', 'H1WP10', 'H1WP14', 'H1DS7', 'H1FS18', 'H1PF36'],50,26,27
201,0.7334123222748815,['H2FS18', 'H2ED17', 'S62P', 'H1ED16', 'H1PF2', 'H1WP14', 'H2FS14', 'H1TO3', 'H1PF16', 'H2PF26', 'H2GH25', 'H2FS1', 'H2PF27', 'H2TO25', 'H2DS8', 'H2PF1', 'H2FS6', 'H1GH52', 'H1FS4', 'H1WP5', 'H2DS2', 'H2EE14', 'H2PF24', 'H2PR3', 'H2PF14', 'H1WP10', 'H1WP14', 'H1DS7', 'H1FS18', 'H1PF36'],50,26,27
202,0.7334123222748815,['H2FS18', 'H2ED17', 'S62P', 'H1ED16', 'H1PF2', 'H1WP14', 'H2FS14', 'H1TO3', 'H1PF16', 'H2PF26', 'H2GH25', 'H2FS1', 'H2PF27', 'H2TO25', 'H2DS8', 'H2PF1', 'H2FS6', 'H1GH52', 'H1FS4', 'H1WP5', 'H2DS2', 'H2EE14', 'H2PF24', 'H2PR3', 'H2PF14', 'H1WP10', 'H1WP14', 'H1DS7', 'H1FS18', 'H1PF36'],50,26,27
203,0.7334123222748815,['H2FS18', 'H2ED17', 'S62P', 'H1ED16', 'H1PF2', 'H1WP14', 'H2FS14', 'H1TO3', 'H1PF16', 'H2PF26', 'H2GH25', 'H2FS1', 'H2PF27', 'H2TO25', 'H2DS8', 'H2PF1', 'H2FS6', 'H1GH52', 'H1FS4', 'H1WP5', 'H2DS2', 'H2EE14', 'H2PF24', 'H2PR3', 'H2PF14', 'H1WP10', 'H1WP14', 'H1DS7', 'H1FS18', 'H1PF36'],50,26,27
204,0.7334123222748815,['H2FS18', 'H2ED17', 'S62P', 'H1ED16', 'H1PF2', 'H1WP14', 'H2FS14', 'H1TO3', 'H1PF16', 'H2PF26', 'H2GH25', 'H2FS1', 'H2PF27', 'H2TO25', 'H2DS8', 'H2PF1', 'H2FS6', 'H1GH52', 'H1FS4', 'H1WP5', 'H2DS2', 'H2EE14', 'H2PF24', 'H2PR3', 'H2PF14', 'H1WP10', 'H1WP14', 'H1DS7', 'H1FS18', 'H1PF36'],50,26,27
205,0.7334123222748815,['H2FS18', 'H2ED17', 'S62P', 'H1ED16', 'H1PF2', 'H1WP14', 'H2FS14', 'H1TO3', 'H1PF16', 'H2PF26', 'H2GH25', 'H2FS1', 'H2PF27', 'H2TO25', 'H2DS8', 'H2PF1', 'H2FS6', 'H1GH52', 'H1FS4', 'H1WP5', 'H2DS2', 'H2EE14', 'H2PF24', 'H2PR3', 'H2PF14', 'H1WP10', 'H1WP14', 'H1DS7', 'H1FS18', 'H1PF36'],50,26,27
206,0.7334123222748815,['H2FS18', 'H2ED17', 'S62P', 'H1ED16', 'H1PF2', 'H1WP14', 'H2FS14', 'H1TO3', 'H1PF16', 'H2PF26', 'H2GH25', 'H2FS1', 'H2PF27', 'H2TO25', 'H2DS8', 'H2PF1', 'H2FS6', 'H1GH52', 'H1FS4', 'H1WP5', 'H2DS2', 'H2EE14', 'H2PF24', 'H2PR3', 'H2PF14', 'H1WP10', 'H1WP14', 'H1DS7', 'H1FS18', 'H1PF36'],50,26,27
207,0.7334123222748815,['H2FS18', 'H2ED17', 'S62P', 'H1ED16', 'H1PF2', 'H1WP14', 'H2FS14', 'H1TO3', 'H1PF16', 'H2PF26', 'H2GH25', 'H2FS1', 'H2PF27', 'H2TO25', 'H2DS8', 'H2PF1', 'H2FS6', 'H1GH52', 'H1FS4', 'H1WP5', 'H2DS2', 'H2EE14', 'H2PF24', 'H2PR3', 'H2PF14', 'H1WP10', 'H1WP14', 'H1DS7', 'H1FS18', 'H1PF36'],50,26,27
208,0.7334123222748815,['H2FS18', 'H2ED17', 'S62P', 'H1ED16', 'H1PF2', 'H1WP14', 'H2FS14', 'H1TO3', 'H1PF16', 'H2PF26', 'H2GH25', 'H2FS1', 'H2PF27', 'H2TO25', 'H2DS8', 'H2PF1', 'H2FS6', 'H1GH52', 'H1FS4', 'H1WP5', 'H2DS2', 'H2EE14', 'H2PF24', 'H2PR3', 'H2PF14', 'H1WP10', 'H1WP14', 'H1DS7', 'H1FS18', 'H1PF36'],50,26,27
209,0.7334123222748815,['H2FS18', 'H2ED17', 'S62P', 'H1ED16', 'H1PF2', 'H1WP14', 'H2FS14', 'H1TO3', 'H1PF16', 'H2PF26', 'H2GH25', 'H2FS1', 'H2PF27', 'H2TO25', 'H2DS8', 'H2PF1', 'H2FS6', 'H1GH52', 'H1FS4', 'H1WP5', 'H2DS2', 'H2EE14', 'H2PF24', 'H2PR3', 'H2PF14', 'H1WP10', 'H1WP14', 'H1DS7', 'H1FS18', 'H1PF36'],50,26,27
210,0.7334123222748815,['H2FS18', 'H2ED17', 'S62P', 'H1ED16', 'H1PF2', 'H1WP14', 'H2FS14', 'H1TO3', 'H1PF16', 'H2PF26', 'H2GH25', 'H2FS1', 'H2PF27', 'H2TO25', 'H2DS8', 'H2PF1', 'H2FS6', 'H1GH52', 'H1FS4', 'H1WP5', 'H2DS2', 'H2EE14', 'H2PF24', 'H2PR3', 'H2PF14', 'H1WP10', 'H1WP14', 'H1DS7', 'H1FS18', 'H1PF36'],50,26,27
211,0.7334123222748815,['H2FS18', 'H2ED17', 'S62P', 'H1ED16', 'H1PF2', 'H1WP14', 'H2FS14', 'H1TO3', 'H1PF16', 'H2PF26', 'H2GH25', 'H2FS1', 'H2PF27', 'H2TO25', 'H2DS8', 'H2PF1', 'H2FS6', 'H1GH52', 'H1FS4', 'H1WP5', 'H2DS2', 'H2EE14', 'H2PF24', 'H2PR3', 'H2PF14', 'H1WP10', 'H1WP14', 'H1DS7', 'H1FS18', 'H1PF36'],50,26,27
212,0.7334123222748815,['H2FS18', 'H2ED17', 'S62P', 'H1ED16', 'H1PF2', 'H1WP14', 'H2FS14', 'H1TO3', 'H1PF16', 'H2PF26', 'H2GH25', 'H2FS1', 'H2PF27', 'H2TO25', 'H2DS8', 'H2PF1', 'H2FS6', 'H1GH52', 'H1FS4', 'H1WP5', 'H2DS2', 'H2EE14', 'H2PF24', 'H2PR3', 'H2PF14', 'H1WP10', 'H1WP14', 'H1DS7', 'H1FS18', 'H1PF36'],50,26,27
213,0.7334123222748815,['H2FS18', 'H2ED17', 'S62P', 'H1ED16', 'H1PF2', 'H1WP14', 'H2FS14', 'H1TO3', 'H1PF16', 'H2PF26', 'H2GH25', 'H2FS1', 'H2PF27', 'H2TO25', 'H2DS8', 'H2PF1', 'H2FS6', 'H1GH52', 'H1FS4', 'H1WP5', 'H2DS2', 'H2EE14', 'H2PF24', 'H2PR3', 'H2PF14', 'H1WP10', 'H1WP14', 'H1DS7', 'H1FS18', 'H1PF36'],50,26,27
214,0.7334123222748815,['H2FS18', 'H2ED17', 'S62P', 'H1ED16', 'H1PF2', 'H1WP14', 'H2FS14', 'H1TO3', 'H1PF16', 'H2PF26', 'H2GH25', 'H2FS1', 'H2PF27', 'H2TO25', 'H2DS8', 'H2PF1', 'H2FS6', 'H1GH52', 'H1FS4', 'H1WP5', 'H2DS2', 'H2EE14', 'H2PF24', 'H2PR3', 'H2PF14', 'H1WP10', 'H1WP14', 'H1DS7', 'H1FS18', 'H1PF36'],50,26,27
215,0.7334123222748815,['H2FS18', 'H2ED17', 'S62P', 'H1ED16', 'H1PF2', 'H1WP14', 'H2FS14', 'H1TO3', 'H1PF16', 'H2PF26', 'H2GH25', 'H2FS1', 'H2PF27', 'H2TO25', 'H2DS8', 'H2PF1', 'H2FS6', 'H1GH52', 'H1FS4', 'H1WP5', 'H2DS2', 'H2EE14', 'H2PF24', 'H2PR3', 'H2PF14', 'H1WP10', 'H1WP14', 'H1DS7', 'H1FS18', 'H1PF36'],50,26,27
216,0.7334123222748815,['H2FS18', 'H2ED17', 'S62P', 'H1ED16', 'H1PF2', 'H1WP14', 'H2FS14', 'H1TO3', 'H1PF16', 'H2PF26', 'H2GH25', 'H2FS1', 'H2PF27', 'H2TO25', 'H2DS8', 'H2PF1', 'H2FS6', 'H1GH52', 'H1FS4', 'H1WP5', 'H2DS2', 'H2EE14', 'H2PF24', 'H2PR3', 'H2PF14', 'H1WP10', 'H1WP14', 'H1DS7', 'H1FS18', 'H1PF36'],50,26,27
217,0.7334123222748815,['H2FS18', 'H2ED17', 'S62P', 'H1ED16', 'H1PF2', 'H1WP14', 'H2FS14', 'H1TO3', 'H1PF16', 'H2PF26', 'H2GH25', 'H2FS1', 'H2PF27', 'H2TO25', 'H2DS8', 'H2PF1', 'H2FS6', 'H1GH52', 'H1FS4', 'H1WP5', 'H2DS2', 'H2EE14', 'H2PF24', 'H2PR3', 'H2PF14', 'H1WP10', 'H1WP14', 'H1DS7', 'H1FS18', 'H1PF36'],50,26,27
218,0.7334123222748815,['H2FS18', 'H2ED17', 'S62P', 'H1ED16', 'H1PF2', 'H1WP14', 'H2FS14', 'H1TO3', 'H1PF16', 'H2PF26', 'H2GH25', 'H2FS1', 'H2PF27', 'H2TO25', 'H2DS8', 'H2PF1', 'H2FS6', 'H1GH52', 'H1FS4', 'H1WP5', 'H2DS2', 'H2EE14', 'H2PF24', 'H2PR3', 'H2PF14', 'H1WP10', 'H1WP14', 'H1DS7', 'H1FS18', 'H1PF36'],50,26,27
219,0.7334123222748815,['H2FS18', 'H2ED17', 'S62P', 'H1ED16', 'H1PF2', 'H1WP14', 'H2FS14', 'H1TO3', 'H1PF16', 'H2PF26', 'H2GH25', 'H2FS1', 'H2PF27', 'H2TO25', 'H2DS8', 'H2PF1', 'H2FS6', 'H1GH52', 'H1FS4', 'H1WP5', 'H2DS2', 'H2EE14', 'H2PF24', 'H2PR3', 'H2PF14', 'H1WP10', 'H1WP14', 'H1DS7', 'H1FS18', 'H1PF36'],50,26,27
220,0.7334123222748815,['H2FS18', 'H2ED17', 'S62P', 'H1ED16', 'H1PF2', 'H1WP14', 'H2FS14', 'H1TO3', 'H1PF16', 'H2PF26', 'H2GH25', 'H2FS1', 'H2PF27', 'H2TO25', 'H2DS8', 'H2PF1', 'H2FS6', 'H1GH52', 'H1FS4', 'H1WP5', 'H2DS2', 'H2EE14', 'H2PF24', 'H2PR3', 'H2PF14', 'H1WP10', 'H1WP14', 'H1DS7', 'H1FS18', 'H1PF36'],50,26,27
221,0.7334123222748815,['H2FS18', 'H2ED17', 'S62P', 'H1ED16', 'H1PF2', 'H1WP14', 'H2FS14', 'H1TO3', 'H1PF16', 'H2PF26', 'H2GH25', 'H2FS1', 'H2PF27', 'H2TO25', 'H2DS8', 'H2PF1', 'H2FS6', 'H1GH52', 'H1FS4', 'H1WP5', 'H2DS2', 'H2EE14', 'H2PF24', 'H2PR3', 'H2PF14', 'H1WP10', 'H1WP14', 'H1DS7', 'H1FS18', 'H1PF36'],50,26,27
222,0.7334123222748815,['H2FS18', 'H2ED17', 'S62P', 'H1ED16', 'H1PF2', 'H1WP14', 'H2FS14', 'H1TO3', 'H1PF16', 'H2PF26', 'H2GH25', 'H2FS1', 'H2PF27', 'H2TO25', 'H2DS8', 'H2PF1', 'H2FS6', 'H1GH52', 'H1FS4', 'H1WP5', 'H2DS2', 'H2EE14', 'H2PF24', 'H2PR3', 'H2PF14', 'H1WP10', 'H1WP14', 'H1DS7', 'H1FS18', 'H1PF36'],50,26,27
223,0.7334123222748815,['H2FS18', 'H2ED17', 'S62P', 'H1ED16', 'H1PF2', 'H1WP14', 'H2FS14', 'H1TO3', 'H1PF16', 'H2PF26', 'H2GH25', 'H2FS1', 'H2PF27', 'H2TO25', 'H2DS8', 'H2PF1', 'H2FS6', 'H1GH52', 'H1FS4', 'H1WP5', 'H2DS2', 'H2EE14', 'H2PF24', 'H2PR3', 'H2PF14', 'H1WP10', 'H1WP14', 'H1DS7', 'H1FS18', 'H1PF36'],50,26,27
224,0.7334123222748815,['H2FS18', 'H2ED17', 'S62P', 'H1ED16', 'H1PF2', 'H1WP14', 'H2FS14', 'H1TO3', 'H1PF16', 'H2PF26', 'H2GH25', 'H2FS1', 'H2PF27', 'H2TO25', 'H2DS8', 'H2PF1', 'H2FS6', 'H1GH52', 'H1FS4', 'H1WP5', 'H2DS2', 'H2EE14', 'H2PF24', 'H2PR3', 'H2PF14', 'H1WP10', 'H1WP14', 'H1DS7', 'H1FS18', 'H1PF36'],50,26,27
225,0.7334123222748815,['H2FS18', 'H2ED17', 'S62P', 'H1ED16', 'H1PF2', 'H1WP14', 'H2FS14', 'H1TO3', 'H1PF16', 'H2PF26', 'H2GH25', 'H2FS1', 'H2PF27', 'H2TO25', 'H2DS8', 'H2PF1', 'H2FS6', 'H1GH52', 'H1FS4', 'H1WP5', 'H2DS2', 'H2EE14', 'H2PF24', 'H2PR3', 'H2PF14', 'H1WP10', 'H1WP14', 'H1DS7', 'H1FS18', 'H1PF36'],50,26,27
226,0.7334123222748815,['H2FS18', 'H2ED17', 'S62P', 'H1ED16', 'H1PF2', 'H1WP14', 'H2FS14', 'H1TO3', 'H1PF16', 'H2PF26', 'H2GH25', 'H2FS1', 'H2PF27', 'H2TO25', 'H2DS8', 'H2PF1', 'H2FS6', 'H1GH52', 'H1FS4', 'H1WP5', 'H2DS2', 'H2EE14', 'H2PF24', 'H2PR3', 'H2PF14', 'H1WP10', 'H1WP14', 'H1DS7', 'H1FS18', 'H1PF36'],50,26,27
227,0.7334123222748815,['H2FS18', 'H2ED17', 'S62P', 'H1ED16', 'H1PF2', 'H1WP14', 'H2FS14', 'H1TO3', 'H1PF16', 'H2PF26', 'H2GH25', 'H2FS1', 'H2PF27', 'H2TO25', 'H2DS8', 'H2PF1', 'H2FS6', 'H1GH52', 'H1FS4', 'H1WP5', 'H2DS2', 'H2EE14', 'H2PF24', 'H2PR3', 'H2PF14', 'H1WP10', 'H1WP14', 'H1DS7', 'H1FS18', 'H1PF36'],50,26,27
228,0.7334123222748815,['H2FS18', 'H2ED17', 'S62P', 'H1ED16', 'H1PF2', 'H1WP14', 'H2FS14', 'H1TO3', 'H1PF16', 'H2PF26', 'H2GH25', 'H2FS1', 'H2PF27', 'H2TO25', 'H2DS8', 'H2PF1', 'H2FS6', 'H1GH52', 'H1FS4', 'H1WP5', 'H2DS2', 'H2EE14', 'H2PF24', 'H2PR3', 'H2PF14', 'H1WP10', 'H1WP14', 'H1DS7', 'H1FS18', 'H1PF36'],50,26,27
229,0.7334123222748815,['H2FS18', 'H2ED17', 'S62P', 'H1ED16', 'H1PF2', 'H1WP14', 'H2FS14', 'H1TO3', 'H1PF16', 'H2PF26', 'H2GH25', 'H2FS1', 'H2PF27', 'H2TO25', 'H2DS8', 'H2PF1', 'H2FS6', 'H1GH52', 'H1FS4', 'H1WP5', 'H2DS2', 'H2EE14', 'H2PF24', 'H2PR3', 'H2PF14', 'H1WP10', 'H1WP14', 'H1DS7', 'H1FS18', 'H1PF36'],50,26,27
230,0.7334123222748815,['H2FS18', 'H2ED17', 'S62P', 'H1ED16', 'H1PF2', 'H1WP14', 'H2FS14', 'H1TO3', 'H1PF16', 'H2PF26', 'H2GH25', 'H2FS1', 'H2PF27', 'H2TO25', 'H2DS8', 'H2PF1', 'H2FS6', 'H1GH52', 'H1FS4', 'H1WP5', 'H2DS2', 'H2EE14', 'H2PF24', 'H2PR3', 'H2PF14', 'H1WP10', 'H1WP14', 'H1DS7', 'H1FS18', 'H1PF36'],50,26,27
231,0.7334123222748815,['H2FS18', 'H2ED17', 'S62P', 'H1ED16', 'H1PF2', 'H1WP14', 'H2FS14', 'H1TO3', 'H1PF16', 'H2PF26', 'H2GH25', 'H2FS1', 'H2PF27', 'H2TO25', 'H2DS8', 'H2PF1', 'H2FS6', 'H1GH52', 'H1FS4', 'H1WP5', 'H2DS2', 'H2EE14', 'H2PF24', 'H2PR3', 'H2PF14', 'H1WP10', 'H1WP14', 'H1DS7', 'H1FS18', 'H1PF36'],50,26,27
232,0.7334123222748815,['H2FS18', 'H2ED17', 'S62P', 'H1ED16', 'H1PF2', 'H1WP14', 'H2FS14', 'H1TO3', 'H1PF16', 'H2PF26', 'H2GH25', 'H2FS1', 'H2PF27', 'H2TO25', 'H2DS8', 'H2PF1', 'H2FS6', 'H1GH52', 'H1FS4', 'H1WP5', 'H2DS2', 'H2EE14', 'H2PF24', 'H2PR3', 'H2PF14', 'H1WP10', 'H1WP14', 'H1DS7', 'H1FS18', 'H1PF36'],50,26,27
233,0.7334123222748815,['H2FS18', 'H2ED17', 'S62P', 'H1ED16', 'H1PF2', 'H1WP14', 'H2FS14', 'H1TO3', 'H1PF16', 'H2PF26', 'H2GH25', 'H2FS1', 'H2PF27', 'H2TO25', 'H2DS8', 'H2PF1', 'H2FS6', 'H1GH52', 'H1FS4', 'H1WP5', 'H2DS2', 'H2EE14', 'H2PF24', 'H2PR3', 'H2PF14', 'H1WP10', 'H1WP14', 'H1DS7', 'H1FS18', 'H1PF36'],50,26,27
234,0.7334123222748815,['H2FS18', 'H2ED17', 'S62P', 'H1ED16', 'H1PF2', 'H1WP14', 'H2FS14', 'H1TO3', 'H1PF16', 'H2PF26', 'H2GH25', 'H2FS1', 'H2PF27', 'H2TO25', 'H2DS8', 'H2PF1', 'H2FS6', 'H1GH52', 'H1FS4', 'H1WP5', 'H2DS2', 'H2EE14', 'H2PF24', 'H2PR3', 'H2PF14', 'H1WP10', 'H1WP14', 'H1DS7', 'H1FS18', 'H1PF36'],50,26,27
235,0.7334123222748815,['H2FS18', 'H2ED17', 'S62P', 'H1ED16', 'H1PF2', 'H1WP14', 'H2FS14', 'H1TO3', 'H1PF16', 'H2PF26', 'H2GH25', 'H2FS1', 'H2PF27', 'H2TO25', 'H2DS8', 'H2PF1', 'H2FS6', 'H1GH52', 'H1FS4', 'H1WP5', 'H2DS2', 'H2EE14', 'H2PF24', 'H2PR3', 'H2PF14', 'H1WP10', 'H1WP14', 'H1DS7', 'H1FS18', 'H1PF36'],50,26,27
236,0.7334123222748815,['H2FS18', 'H2ED17', 'S62P', 'H1ED16', 'H1PF2', 'H1WP14', 'H2FS14', 'H1TO3', 'H1PF16', 'H2PF26', 'H2GH25', 'H2FS1', 'H2PF27', 'H2TO25', 'H2DS8', 'H2PF1', 'H2FS6', 'H1GH52', 'H1FS4', 'H1WP5', 'H2DS2', 'H2EE14', 'H2PF24', 'H2PR3', 'H2PF14', 'H1WP10', 'H1WP14', 'H1DS7', 'H1FS18', 'H1PF36'],50,26,27
237,0.7334123222748815,['H2FS18', 'H2ED17', 'S62P', 'H1ED16', 'H1PF2', 'H1WP14', 'H2FS14', 'H1TO3', 'H1PF16', 'H2PF26', 'H2GH25', 'H2FS1', 'H2PF27', 'H2TO25', 'H2DS8', 'H2PF1', 'H2FS6', 'H1GH52', 'H1FS4', 'H1WP5', 'H2DS2', 'H2EE14', 'H2PF24', 'H2PR3', 'H2PF14', 'H1WP10', 'H1WP14', 'H1DS7', 'H1FS18', 'H1PF36'],50,26,27
238,0.7334123222748815,['H2FS18', 'H2ED17', 'S62P', 'H1ED16', 'H1PF2', 'H1WP14', 'H2FS14', 'H1TO3', 'H1PF16', 'H2PF26', 'H2GH25', 'H2FS1', 'H2PF27', 'H2TO25', 'H2DS8', 'H2PF1', 'H2FS6', 'H1GH52', 'H1FS4', 'H1WP5', 'H2DS2', 'H2EE14', 'H2PF24', 'H2PR3', 'H2PF14', 'H1WP10', 'H1WP14', 'H1DS7', 'H1FS18', 'H1PF36'],50,26,27
239,0.7334123222748815,['H2FS18', 'H2ED17', 'S62P', 'H1ED16', 'H1PF2', 'H1WP14', 'H2FS14', 'H1TO3', 'H1PF16', 'H2PF26', 'H2GH25', 'H2FS1', 'H2PF27', 'H2TO25', 'H2DS8', 'H2PF1', 'H2FS6', 'H1GH52', 'H1FS4', 'H1WP5', 'H2DS2', 'H2EE14', 'H2PF24', 'H2PR3', 'H2PF14', 'H1WP10', 'H1WP14', 'H1DS7', 'H1FS18', 'H1PF36'],50,26,27
240,0.7334123222748815,['H2FS18', 'H2ED17', 'S62P', 'H1ED16', 'H1PF2', 'H1WP14', 'H2FS14', 'H1TO3', 'H1PF16', 'H2PF26', 'H2GH25', 'H2FS1', 'H2PF27', 'H2TO25', 'H2DS8', 'H2PF1', 'H2FS6', 'H1GH52', 'H1FS4', 'H1WP5', 'H2DS2', 'H2EE14', 'H2PF24', 'H2PR3', 'H2PF14', 'H1WP10', 'H1WP14', 'H1DS7', 'H1FS18', 'H1PF36'],50,26,27
241,0.7334123222748815,['H2FS18', 'H2ED17', 'S62P', 'H1ED16', 'H1PF2', 'H1WP14', 'H2FS14', 'H1TO3', 'H1PF16', 'H2PF26', 'H2GH25', 'H2FS1', 'H2PF27', 'H2TO25', 'H2DS8', 'H2PF1', 'H2FS6', 'H1GH52', 'H1FS4', 'H1WP5', 'H2DS2', 'H2EE14', 'H2PF24', 'H2PR3', 'H2PF14', 'H1WP10', 'H1WP14', 'H1DS7', 'H1FS18', 'H1PF36'],50,26,27
242,0.7334123222748815,['H2FS18', 'H2ED17', 'S62P', 'H1ED16', 'H1PF2', 'H1WP14', 'H2FS14', 'H1TO3', 'H1PF16', 'H2PF26', 'H2GH25', 'H2FS1', 'H2PF27', 'H2TO25', 'H2DS8', 'H2PF1', 'H2FS6', 'H1GH52', 'H1FS4', 'H1WP5', 'H2DS2', 'H2EE14', 'H2PF24', 'H2PR3', 'H2PF14', 'H1WP10', 'H1WP14', 'H1DS7', 'H1FS18', 'H1PF36'],50,26,27
243,0.7334123222748815,['H2FS18', 'H2ED17', 'S62P', 'H1ED16', 'H1PF2', 'H1WP14', 'H2FS14', 'H1TO3', 'H1PF16', 'H2PF26', 'H2GH25', 'H2FS1', 'H2PF27', 'H2TO25', 'H2DS8', 'H2PF1', 'H2FS6', 'H1GH52', 'H1FS4', 'H1WP5', 'H2DS2', 'H2EE14', 'H2PF24', 'H2PR3', 'H2PF14', 'H1WP10', 'H1WP14', 'H1DS7', 'H1FS18', 'H1PF36'],50,26,27
244,0.7334123222748815,['H2FS18', 'H2ED17', 'S62P', 'H1ED16', 'H1PF2', 'H1WP14', 'H2FS14', 'H1TO3', 'H1PF16', 'H2PF26', 'H2GH25', 'H2FS1', 'H2PF27', 'H2TO25', 'H2DS8', 'H2PF1', 'H2FS6', 'H1GH52', 'H1FS4', 'H1WP5', 'H2DS2', 'H2EE14', 'H2PF24', 'H2PR3', 'H2PF14', 'H1WP10', 'H1WP14', 'H1DS7', 'H1FS18', 'H1PF36'],50,26,27
245,0.7334123222748815,['H2FS18', 'H2ED17', 'S62P', 'H1ED16', 'H1PF2', 'H1WP14', 'H2FS14', 'H1TO3', 'H1PF16', 'H2PF26', 'H2GH25', 'H2FS1', 'H2PF27', 'H2TO25', 'H2DS8', 'H2PF1', 'H2FS6', 'H1GH52', 'H1FS4', 'H1WP5', 'H2DS2', 'H2EE14', 'H2PF24', 'H2PR3', 'H2PF14', 'H1WP10', 'H1WP14', 'H1DS7', 'H1FS18', 'H1PF36'],50,26,27
246,0.7334123222748815,['H2FS18', 'H2ED17', 'S62P', 'H1ED16', 'H1PF2', 'H1WP14', 'H2FS14', 'H1TO3', 'H1PF16', 'H2PF26', 'H2GH25', 'H2FS1', 'H2PF27', 'H2TO25', 'H2DS8', 'H2PF1', 'H2FS6', 'H1GH52', 'H1FS4', 'H1WP5', 'H2DS2', 'H2EE14', 'H2PF24', 'H2PR3', 'H2PF14', 'H1WP10', 'H1WP14', 'H1DS7', 'H1FS18', 'H1PF36'],50,26,27
247,0.7334123222748815,['H2FS18', 'H2ED17', 'S62P', 'H1ED16', 'H1PF2', 'H1WP14', 'H2FS14', 'H1TO3', 'H1PF16', 'H2PF26', 'H2GH25', 'H2FS1', 'H2PF27', 'H2TO25', 'H2DS8', 'H2PF1', 'H2FS6', 'H1GH52', 'H1FS4', 'H1WP5', 'H2DS2', 'H2EE14', 'H2PF24', 'H2PR3', 'H2PF14', 'H1WP10', 'H1WP14', 'H1DS7', 'H1FS18', 'H1PF36'],50,26,27
248,0.7334123222748815,['H2FS18', 'H2ED17', 'S62P', 'H1ED16', 'H1PF2', 'H1WP14', 'H2FS14', 'H1TO3', 'H1PF16', 'H2PF26', 'H2GH25', 'H2FS1', 'H2PF27', 'H2TO25', 'H2DS8', 'H2PF1', 'H2FS6', 'H1GH52', 'H1FS4', 'H1WP5', 'H2DS2', 'H2EE14', 'H2PF24', 'H2PR3', 'H2PF14', 'H1WP10', 'H1WP14', 'H1DS7', 'H1FS18', 'H1PF36'],50,26,27
249,0.7334123222748815,['H2FS18', 'H2ED17', 'S62P', 'H1ED16', 'H1PF2', 'H1WP14', 'H2FS14', 'H1TO3', 'H1PF16', 'H2PF26', 'H2GH25', 'H2FS1', 'H2PF27', 'H2TO25', 'H2DS8', 'H2PF1', 'H2FS6', 'H1GH52', 'H1FS4', 'H1WP5', 'H2DS2', 'H2EE14', 'H2PF24', 'H2PR3', 'H2PF14', 'H1WP10', 'H1WP14', 'H1DS7', 'H1FS18', 'H1PF36'],50,26,27
250,0.7334123222748815,['H2FS18', 'H2ED17', 'S62P', 'H1ED16', 'H1PF2', 'H1WP14', 'H2FS14', 'H1TO3', 'H1PF16', 'H2PF26', 'H2GH25', 'H2FS1', 'H2PF27', 'H2TO25', 'H2DS8', 'H2PF1', 'H2FS6', 'H1GH52', 'H1FS4', 'H1WP5', 'H2DS2', 'H2EE14', 'H2PF24', 'H2PR3', 'H2PF14', 'H1WP10', 'H1WP14', 'H1DS7', 'H1FS18', 'H1PF36'],50,26,27
251,0.7334123222748815,['H2FS18', 'H2ED17', 'S62P', 'H1ED16', 'H1PF2', 'H1WP14', 'H2FS14', 'H1TO3', 'H1PF16', 'H2PF26', 'H2GH25', 'H2FS1', 'H2PF27', 'H2TO25', 'H2DS8', 'H2PF1', 'H2FS6', 'H1GH52', 'H1FS4', 'H1WP5', 'H2DS2', 'H2EE14', 'H2PF24', 'H2PR3', 'H2PF14', 'H1WP10', 'H1WP14', 'H1DS7', 'H1FS18', 'H1PF36'],50,26,27
252,0.7334123222748815,['H2FS18', 'H2ED17', 'S62P', 'H1ED16', 'H1PF2', 'H1WP14', 'H2FS14', 'H1TO3', 'H1PF16', 'H2PF26', 'H2GH25', 'H2FS1', 'H2PF27', 'H2TO25', 'H2DS8', 'H2PF1', 'H2FS6', 'H1GH52', 'H1FS4', 'H1WP5', 'H2DS2', 'H2EE14', 'H2PF24', 'H2PR3', 'H2PF14', 'H1WP10', 'H1WP14', 'H1DS7', 'H1FS18', 'H1PF36'],50,26,27
253,0.7334123222748815,['H2FS18', 'H2ED17', 'S62P', 'H1ED16', 'H1PF2', 'H1WP14', 'H2FS14', 'H1TO3', 'H1PF16', 'H2PF26', 'H2GH25', 'H2FS1', 'H2PF27', 'H2TO25', 'H2DS8', 'H2PF1', 'H2FS6', 'H1GH52', 'H1FS4', 'H1WP5', 'H2DS2', 'H2EE14', 'H2PF24', 'H2PR3', 'H2PF14', 'H1WP10', 'H1WP14', 'H1DS7', 'H1FS18', 'H1PF36'],50,26,27
254,0.7334123222748815,['H2FS18', 'H2ED17', 'S62P', 'H1ED16', 'H1PF2', 'H1WP14', 'H2FS14', 'H1TO3', 'H1PF16', 'H2PF26', 'H2GH25', 'H2FS1', 'H2PF27', 'H2TO25', 'H2DS8', 'H2PF1', 'H2FS6', 'H1GH52', 'H1FS4', 'H1WP5', 'H2DS2', 'H2EE14', 'H2PF24', 'H2PR3', 'H2PF14', 'H1WP10', 'H1WP14', 'H1DS7', 'H1FS18', 'H1PF36'],50,26,27
255,0.7334123222748815,['H2FS18', 'H2ED17', 'S62P', 'H1ED16', 'H1PF2', 'H1WP14', 'H2FS14', 'H1TO3', 'H1PF16', 'H2PF26', 'H2GH25', 'H2FS1', 'H2PF27', 'H2TO25', 'H2DS8', 'H2PF1', 'H2FS6', 'H1GH52', 'H1FS4', 'H1WP5', 'H2DS2', 'H2EE14', 'H2PF24', 'H2PR3', 'H2PF14', 'H1WP10', 'H1WP14', 'H1DS7', 'H1FS18', 'H1PF36'],50,26,27
256,0.7334123222748815,['H2FS18', 'H2ED17', 'S62P', 'H1ED16', 'H1PF2', 'H1WP14', 'H2FS14', 'H1TO3', 'H1PF16', 'H2PF26', 'H2GH25', 'H2FS1', 'H2PF27', 'H2TO25', 'H2DS8', 'H2PF1', 'H2FS6', 'H1GH52', 'H1FS4', 'H1WP5', 'H2DS2', 'H2EE14', 'H2PF24', 'H2PR3', 'H2PF14', 'H1WP10', 'H1WP14', 'H1DS7', 'H1FS18', 'H1PF36'],50,26,27
257,0.7334123222748815,['H2FS18', 'H2ED17', 'S62P', 'H1ED16', 'H1PF2', 'H1WP14', 'H2FS14', 'H1TO3', 'H1PF16', 'H2PF26', 'H2GH25', 'H2FS1', 'H2PF27', 'H2TO25', 'H2DS8', 'H2PF1', 'H2FS6', 'H1GH52', 'H1FS4', 'H1WP5', 'H2DS2', 'H2EE14', 'H2PF24', 'H2PR3', 'H2PF14', 'H1WP10', 'H1WP14', 'H1DS7', 'H1FS18', 'H1PF36'],50,26,27
258,0.7334123222748815,['H2FS18', 'H2ED17', 'S62P', 'H1ED16', 'H1PF2', 'H1WP14', 'H2FS14', 'H1TO3', 'H1PF16', 'H2PF26', 'H2GH25', 'H2FS1', 'H2PF27', 'H2TO25', 'H2DS8', 'H2PF1', 'H2FS6', 'H1GH52', 'H1FS4', 'H1WP5', 'H2DS2', 'H2EE14', 'H2PF24', 'H2PR3', 'H2PF14', 'H1WP10', 'H1WP14', 'H1DS7', 'H1FS18', 'H1PF36'],50,26,27
259,0.7334123222748815,['H2FS18', 'H2ED17', 'S62P', 'H1ED16', 'H1PF2', 'H1WP14', 'H2FS14', 'H1TO3', 'H1PF16', 'H2PF26', 'H2GH25', 'H2FS1', 'H2PF27', 'H2TO25', 'H2DS8', 'H2PF1', 'H2FS6', 'H1GH52', 'H1FS4', 'H1WP5', 'H2DS2', 'H2EE14', 'H2PF24', 'H2PR3', 'H2PF14', 'H1WP10', 'H1WP14', 'H1DS7', 'H1FS18', 'H1PF36'],50,26,27
260,0.7334123222748815,['H2FS18', 'H2ED17', 'S62P', 'H1ED16', 'H1PF2', 'H1WP14', 'H2FS14', 'H1TO3', 'H1PF16', 'H2PF26', 'H2GH25', 'H2FS1', 'H2PF27', 'H2TO25', 'H2DS8', 'H2PF1', 'H2FS6', 'H1GH52', 'H1FS4', 'H1WP5', 'H2DS2', 'H2EE14', 'H2PF24', 'H2PR3', 'H2PF14', 'H1WP10', 'H1WP14', 'H1DS7', 'H1FS18', 'H1PF36'],50,26,27
261,0.7334123222748815,['H2FS18', 'H2ED17', 'S62P', 'H1ED16', 'H1PF2', 'H1WP14', 'H2FS14', 'H1TO3', 'H1PF16', 'H2PF26', 'H2GH25', 'H2FS1', 'H2PF27', 'H2TO25', 'H2DS8', 'H2PF1', 'H2FS6', 'H1GH52', 'H1FS4', 'H1WP5', 'H2DS2', 'H2EE14', 'H2PF24', 'H2PR3', 'H2PF14', 'H1WP10', 'H1WP14', 'H1DS7', 'H1FS18', 'H1PF36'],50,26,27
262,0.7334123222748815,['H2FS18', 'H2ED17', 'S62P', 'H1ED16', 'H1PF2', 'H1WP14', 'H2FS14', 'H1TO3', 'H1PF16', 'H2PF26', 'H2GH25', 'H2FS1', 'H2PF27', 'H2TO25', 'H2DS8', 'H2PF1', 'H2FS6', 'H1GH52', 'H1FS4', 'H1WP5', 'H2DS2', 'H2EE14', 'H2PF24', 'H2PR3', 'H2PF14', 'H1WP10', 'H1WP14', 'H1DS7', 'H1FS18', 'H1PF36'],50,26,27
263,0.7334123222748815,['H2FS18', 'H2ED17', 'S62P', 'H1ED16', 'H1PF2', 'H1WP14', 'H2FS14', 'H1TO3', 'H1PF16', 'H2PF26', 'H2GH25', 'H2FS1', 'H2PF27', 'H2TO25', 'H2DS8', 'H2PF1', 'H2FS6', 'H1GH52', 'H1FS4', 'H1WP5', 'H2DS2', 'H2EE14', 'H2PF24', 'H2PR3', 'H2PF14', 'H1WP10', 'H1WP14', 'H1DS7', 'H1FS18', 'H1PF36'],50,26,27
264,0.7334123222748815,['H2FS18', 'H2ED17', 'S62P', 'H1ED16', 'H1PF2', 'H1WP14', 'H2FS14', 'H1TO3', 'H1PF16', 'H2PF26', 'H2GH25', 'H2FS1', 'H2PF27', 'H2TO25', 'H2DS8', 'H2PF1', 'H2FS6', 'H1GH52', 'H1FS4', 'H1WP5', 'H2DS2', 'H2EE14', 'H2PF24', 'H2PR3', 'H2PF14', 'H1WP10', 'H1WP14', 'H1DS7', 'H1FS18', 'H1PF36'],50,26,27
265,0.7334123222748815,['H2FS18', 'H2ED17', 'S62P', 'H1ED16', 'H1PF2', 'H1WP14', 'H2FS14', 'H1TO3', 'H1PF16', 'H2PF26', 'H2GH25', 'H2FS1', 'H2PF27', 'H2TO25', 'H2DS8', 'H2PF1', 'H2FS6', 'H1GH52', 'H1FS4', 'H1WP5', 'H2DS2', 'H2EE14', 'H2PF24', 'H2PR3', 'H2PF14', 'H1WP10', 'H1WP14', 'H1DS7', 'H1FS18', 'H1PF36'],50,26,27
266,0.7334123222748815,['H2FS18', 'H2ED17', 'S62P', 'H1ED16', 'H1PF2', 'H1WP14', 'H2FS14', 'H1TO3', 'H1PF16', 'H2PF26', 'H2GH25', 'H2FS1', 'H2PF27', 'H2TO25', 'H2DS8', 'H2PF1', 'H2FS6', 'H1GH52', 'H1FS4', 'H1WP5', 'H2DS2', 'H2EE14', 'H2PF24', 'H2PR3', 'H2PF14', 'H1WP10', 'H1WP14', 'H1DS7', 'H1FS18', 'H1PF36'],50,26,27
267,0.7334123222748815,['H2FS18', 'H2ED17', 'S62P', 'H1ED16', 'H1PF2', 'H1WP14', 'H2FS14', 'H1TO3', 'H1PF16', 'H2PF26', 'H2GH25', 'H2FS1', 'H2PF27', 'H2TO25', 'H2DS8', 'H2PF1', 'H2FS6', 'H1GH52', 'H1FS4', 'H1WP5', 'H2DS2', 'H2EE14', 'H2PF24', 'H2PR3', 'H2PF14', 'H1WP10', 'H1WP14', 'H1DS7', 'H1FS18', 'H1PF36'],50,26,27
268,0.7334123222748815,['H2FS18', 'H2ED17', 'S62P', 'H1ED16', 'H1PF2', 'H1WP14', 'H2FS14', 'H1TO3', 'H1PF16', 'H2PF26', 'H2GH25', 'H2FS1', 'H2PF27', 'H2TO25', 'H2DS8', 'H2PF1', 'H2FS6', 'H1GH52', 'H1FS4', 'H1WP5', 'H2DS2', 'H2EE14', 'H2PF24', 'H2PR3', 'H2PF14', 'H1WP10', 'H1WP14', 'H1DS7', 'H1FS18', 'H1PF36'],50,26,27
269,0.7334123222748815,['H2FS18', 'H2ED17', 'S62P', 'H1ED16', 'H1PF2', 'H1WP14', 'H2FS14', 'H1TO3', 'H1PF16', 'H2PF26', 'H2GH25', 'H2FS1', 'H2PF27', 'H2TO25', 'H2DS8', 'H2PF1', 'H2FS6', 'H1GH52', 'H1FS4', 'H1WP5', 'H2DS2', 'H2EE14', 'H2PF24', 'H2PR3', 'H2PF14', 'H1WP10', 'H1WP14', 'H1DS7', 'H1FS18', 'H1PF36'],50,26,27
270,0.7334123222748815,['H2FS18', 'H2ED17', 'S62P', 'H1ED16', 'H1PF2', 'H1WP14', 'H2FS14', 'H1TO3', 'H1PF16', 'H2PF26', 'H2GH25', 'H2FS1', 'H2PF27', 'H2TO25', 'H2DS8', 'H2PF1', 'H2FS6', 'H1GH52', 'H1FS4', 'H1WP5', 'H2DS2', 'H2EE14', 'H2PF24', 'H2PR3', 'H2PF14', 'H1WP10', 'H1WP14', 'H1DS7', 'H1FS18', 'H1PF36'],50,26,27
271,0.7334123222748815,['H2FS18', 'H2ED17', 'S62P', 'H1ED16', 'H1PF2', 'H1WP14', 'H2FS14', 'H1TO3', 'H1PF16', 'H2PF26', 'H2GH25', 'H2FS1', 'H2PF27', 'H2TO25', 'H2DS8', 'H2PF1', 'H2FS6', 'H1GH52', 'H1FS4', 'H1WP5', 'H2DS2', 'H2EE14', 'H2PF24', 'H2PR3', 'H2PF14', 'H1WP10', 'H1WP14', 'H1DS7', 'H1FS18', 'H1PF36'],50,26,27
272,0.7334123222748815,['H2FS18', 'H2ED17', 'S62P', 'H1ED16', 'H1PF2', 'H1WP14', 'H2FS14', 'H1TO3', 'H1PF16', 'H2PF26', 'H2GH25', 'H2FS1', 'H2PF27', 'H2TO25', 'H2DS8', 'H2PF1', 'H2FS6', 'H1GH52', 'H1FS4', 'H1WP5', 'H2DS2', 'H2EE14', 'H2PF24', 'H2PR3', 'H2PF14', 'H1WP10', 'H1WP14', 'H1DS7', 'H1FS18', 'H1PF36'],50,26,27
273,0.7334123222748815,['H2FS18', 'H2ED17', 'S62P', 'H1ED16', 'H1PF2', 'H1WP14', 'H2FS14', 'H1TO3', 'H1PF16', 'H2PF26', 'H2GH25', 'H2FS1', 'H2PF27', 'H2TO25', 'H2DS8', 'H2PF1', 'H2FS6', 'H1GH52', 'H1FS4', 'H1WP5', 'H2DS2', 'H2EE14', 'H2PF24', 'H2PR3', 'H2PF14', 'H1WP10', 'H1WP14', 'H1DS7', 'H1FS18', 'H1PF36'],50,26,27
274,0.7334123222748815,['H2FS18', 'H2ED17', 'S62P', 'H1ED16', 'H1PF2', 'H1WP14', 'H2FS14', 'H1TO3', 'H1PF16', 'H2PF26', 'H2GH25', 'H2FS1', 'H2PF27', 'H2TO25', 'H2DS8', 'H2PF1', 'H2FS6', 'H1GH52', 'H1FS4', 'H1WP5', 'H2DS2', 'H2EE14', 'H2PF24', 'H2PR3', 'H2PF14', 'H1WP10', 'H1WP14', 'H1DS7', 'H1FS18', 'H1PF36'],50,26,27
275,0.7334123222748815,['H2FS18', 'H2ED17', 'S62P', 'H1ED16', 'H1PF2', 'H1WP14', 'H2FS14', 'H1TO3', 'H1PF16', 'H2PF26', 'H2GH25', 'H2FS1', 'H2PF27', 'H2TO25', 'H2DS8', 'H2PF1', 'H2FS6', 'H1GH52', 'H1FS4', 'H1WP5', 'H2DS2', 'H2EE14', 'H2PF24', 'H2PR3', 'H2PF14', 'H1WP10', 'H1WP14', 'H1DS7', 'H1FS18', 'H1PF36'],50,26,27
276,0.7334123222748815,['H2FS18', 'H2ED17', 'S62P', 'H1ED16', 'H1PF2', 'H1WP14', 'H2FS14', 'H1TO3', 'H1PF16', 'H2PF26', 'H2GH25', 'H2FS1', 'H2PF27', 'H2TO25', 'H2DS8', 'H2PF1', 'H2FS6', 'H1GH52', 'H1FS4', 'H1WP5', 'H2DS2', 'H2EE14', 'H2PF24', 'H2PR3', 'H2PF14', 'H1WP10', 'H1WP14', 'H1DS7', 'H1FS18', 'H1PF36'],50,26,27
277,0.7334123222748815,['H2FS18', 'H2ED17', 'S62P', 'H1ED16', 'H1PF2', 'H1WP14', 'H2FS14', 'H1TO3', 'H1PF16', 'H2PF26', 'H2GH25', 'H2FS1', 'H2PF27', 'H2TO25', 'H2DS8', 'H2PF1', 'H2FS6', 'H1GH52', 'H1FS4', 'H1WP5', 'H2DS2', 'H2EE14', 'H2PF24', 'H2PR3', 'H2PF14', 'H1WP10', 'H1WP14', 'H1DS7', 'H1FS18', 'H1PF36'],50,26,27
278,0.7334123222748815,['H2FS18', 'H2ED17', 'S62P', 'H1ED16', 'H1PF2', 'H1WP14', 'H2FS14', 'H1TO3', 'H1PF16', 'H2PF26', 'H2GH25', 'H2FS1', 'H2PF27', 'H2TO25', 'H2DS8', 'H2PF1', 'H2FS6', 'H1GH52', 'H1FS4', 'H1WP5', 'H2DS2', 'H2EE14', 'H2PF24', 'H2PR3', 'H2PF14', 'H1WP10', 'H1WP14', 'H1DS7', 'H1FS18', 'H1PF36'],50,26,27
279,0.7334123222748815,['H2FS18', 'H2ED17', 'S62P', 'H1ED16', 'H1PF2', 'H1WP14', 'H2FS14', 'H1TO3', 'H1PF16', 'H2PF26', 'H2GH25', 'H2FS1', 'H2PF27', 'H2TO25', 'H2DS8', 'H2PF1', 'H2FS6', 'H1GH52', 'H1FS4', 'H1WP5', 'H2DS2', 'H2EE14', 'H2PF24', 'H2PR3', 'H2PF14', 'H1WP10', 'H1WP14', 'H1DS7', 'H1FS18', 'H1PF36'],50,26,27
280,0.7334123222748815,['H2FS18', 'H2ED17', 'S62P', 'H1ED16', 'H1PF2', 'H1WP14', 'H2FS14', 'H1TO3', 'H1PF16', 'H2PF26', 'H2GH25', 'H2FS1', 'H2PF27', 'H2TO25', 'H2DS8', 'H2PF1', 'H2FS6', 'H1GH52', 'H1FS4', 'H1WP5', 'H2DS2', 'H2EE14', 'H2PF24', 'H2PR3', 'H2PF14', 'H1WP10', 'H1WP14', 'H1DS7', 'H1FS18', 'H1PF36'],50,26,27
281,0.7334123222748815,['H2FS18', 'H2ED17', 'S62P', 'H1ED16', 'H1PF2', 'H1WP14', 'H2FS14', 'H1TO3', 'H1PF16', 'H2PF26', 'H2GH25', 'H2FS1', 'H2PF27', 'H2TO25', 'H2DS8', 'H2PF1', 'H2FS6', 'H1GH52', 'H1FS4', 'H1WP5', 'H2DS2', 'H2EE14', 'H2PF24', 'H2PR3', 'H2PF14', 'H1WP10', 'H1WP14', 'H1DS7', 'H1FS18', 'H1PF36'],50,26,27
282,0.7334123222748815,['H2FS18', 'H2ED17', 'S62P', 'H1ED16', 'H1PF2', 'H1WP14', 'H2FS14', 'H1TO3', 'H1PF16', 'H2PF26', 'H2GH25', 'H2FS1', 'H2PF27', 'H2TO25', 'H2DS8', 'H2PF1', 'H2FS6', 'H1GH52', 'H1FS4', 'H1WP5', 'H2DS2', 'H2EE14', 'H2PF24', 'H2PR3', 'H2PF14', 'H1WP10', 'H1WP14', 'H1DS7', 'H1FS18', 'H1PF36'],50,26,27
283,0.7334123222748815,['H2FS18', 'H2ED17', 'S62P', 'H1ED16', 'H1PF2', 'H1WP14', 'H2FS14', 'H1TO3', 'H1PF16', 'H2PF26', 'H2GH25', 'H2FS1', 'H2PF27', 'H2TO25', 'H2DS8', 'H2PF1', 'H2FS6', 'H1GH52', 'H1FS4', 'H1WP5', 'H2DS2', 'H2EE14', 'H2PF24', 'H2PR3', 'H2PF14', 'H1WP10', 'H1WP14', 'H1DS7', 'H1FS18', 'H1PF36'],50,26,27
284,0.7334123222748815,['H2FS18', 'H2ED17', 'S62P', 'H1ED16', 'H1PF2', 'H1WP14', 'H2FS14', 'H1TO3', 'H1PF16', 'H2PF26', 'H2GH25', 'H2FS1', 'H2PF27', 'H2TO25', 'H2DS8', 'H2PF1', 'H2FS6', 'H1GH52', 'H1FS4', 'H1WP5', 'H2DS2', 'H2EE14', 'H2PF24', 'H2PR3', 'H2PF14', 'H1WP10', 'H1WP14', 'H1DS7', 'H1FS18', 'H1PF36'],50,26,27
285,0.7334123222748815,['H2FS18', 'H2ED17', 'S62P', 'H1ED16', 'H1PF2', 'H1WP14', 'H2FS14', 'H1TO3', 'H1PF16', 'H2PF26', 'H2GH25', 'H2FS1', 'H2PF27', 'H2TO25', 'H2DS8', 'H2PF1', 'H2FS6', 'H1GH52', 'H1FS4', 'H1WP5', 'H2DS2', 'H2EE14', 'H2PF24', 'H2PR3', 'H2PF14', 'H1WP10', 'H1WP14', 'H1DS7', 'H1FS18', 'H1PF36'],50,26,27
286,0.7334123222748815,['H2FS18', 'H2ED17', 'S62P', 'H1ED16', 'H1PF2', 'H1WP14', 'H2FS14', 'H1TO3', 'H1PF16', 'H2PF26', 'H2GH25', 'H2FS1', 'H2PF27', 'H2TO25', 'H2DS8', 'H2PF1', 'H2FS6', 'H1GH52', 'H1FS4', 'H1WP5', 'H2DS2', 'H2EE14', 'H2PF24', 'H2PR3', 'H2PF14', 'H1WP10', 'H1WP14', 'H1DS7', 'H1FS18', 'H1PF36'],50,26,27
287,0.7334123222748815,['H2FS18', 'H2ED17', 'S62P', 'H1ED16', 'H1PF2', 'H1WP14', 'H2FS14', 'H1TO3', 'H1PF16', 'H2PF26', 'H2GH25', 'H2FS1', 'H2PF27', 'H2TO25', 'H2DS8', 'H2PF1', 'H2FS6', 'H1GH52', 'H1FS4', 'H1WP5', 'H2DS2', 'H2EE14', 'H2PF24', 'H2PR3', 'H2PF14', 'H1WP10', 'H1WP14', 'H1DS7', 'H1FS18', 'H1PF36'],50,26,27
288,0.7334123222748815,['H2FS18', 'H2ED17', 'S62P', 'H1ED16', 'H1PF2', 'H1WP14', 'H2FS14', 'H1TO3', 'H1PF16', 'H2PF26', 'H2GH25', 'H2FS1', 'H2PF27', 'H2TO25', 'H2DS8', 'H2PF1', 'H2FS6', 'H1GH52', 'H1FS4', 'H1WP5', 'H2DS2', 'H2EE14', 'H2PF24', 'H2PR3', 'H2PF14', 'H1WP10', 'H1WP14', 'H1DS7', 'H1FS18', 'H1PF36'],50,26,27
289,0.7334123222748815,['H2FS18', 'H2ED17', 'S62P', 'H1ED16', 'H1PF2', 'H1WP14', 'H2FS14', 'H1TO3', 'H1PF16', 'H2PF26', 'H2GH25', 'H2FS1', 'H2PF27', 'H2TO25', 'H2DS8', 'H2PF1', 'H2FS6', 'H1GH52', 'H1FS4', 'H1WP5', 'H2DS2', 'H2EE14', 'H2PF24', 'H2PR3', 'H2PF14', 'H1WP10', 'H1WP14', 'H1DS7', 'H1FS18', 'H1PF36'],50,26,27
290,0.7334123222748815,['H2FS18', 'H2ED17', 'S62P', 'H1ED16', 'H1PF2', 'H1WP14', 'H2FS14', 'H1TO3', 'H1PF16', 'H2PF26', 'H2GH25', 'H2FS1', 'H2PF27', 'H2TO25', 'H2DS8', 'H2PF1', 'H2FS6', 'H1GH52', 'H1FS4', 'H1WP5', 'H2DS2', 'H2EE14', 'H2PF24', 'H2PR3', 'H2PF14', 'H1WP10', 'H1WP14', 'H1DS7', 'H1FS18', 'H1PF36'],50,26,27
291,0.7334123222748815,['H2FS18', 'H2ED17', 'S62P', 'H1ED16', 'H1PF2', 'H1WP14', 'H2FS14', 'H1TO3', 'H1PF16', 'H2PF26', 'H2GH25', 'H2FS1', 'H2PF27', 'H2TO25', 'H2DS8', 'H2PF1', 'H2FS6', 'H1GH52', 'H1FS4', 'H1WP5', 'H2DS2', 'H2EE14', 'H2PF24', 'H2PR3', 'H2PF14', 'H1WP10', 'H1WP14', 'H1DS7', 'H1FS18', 'H1PF36'],50,26,27
292,0.7334123222748815,['H2FS18', 'H2ED17', 'S62P', 'H1ED16', 'H1PF2', 'H1WP14', 'H2FS14', 'H1TO3', 'H1PF16', 'H2PF26', 'H2GH25', 'H2FS1', 'H2PF27', 'H2TO25', 'H2DS8', 'H2PF1', 'H2FS6', 'H1GH52', 'H1FS4', 'H1WP5', 'H2DS2', 'H2EE14', 'H2PF24', 'H2PR3', 'H2PF14', 'H1WP10', 'H1WP14', 'H1DS7', 'H1FS18', 'H1PF36'],50,26,27
293,0.7334123222748815,['H2FS18', 'H2ED17', 'S62P', 'H1ED16', 'H1PF2', 'H1WP14', 'H2FS14', 'H1TO3', 'H1PF16', 'H2PF26', 'H2GH25', 'H2FS1', 'H2PF27', 'H2TO25', 'H2DS8', 'H2PF1', 'H2FS6', 'H1GH52', 'H1FS4', 'H1WP5', 'H2DS2', 'H2EE14', 'H2PF24', 'H2PR3', 'H2PF14', 'H1WP10', 'H1WP14', 'H1DS7', 'H1FS18', 'H1PF36'],50,26,27
294,0.7334123222748815,['H2FS18', 'H2ED17', 'S62P', 'H1ED16', 'H1PF2', 'H1WP14', 'H2FS14', 'H1TO3', 'H1PF16', 'H2PF26', 'H2GH25', 'H2FS1', 'H2PF27', 'H2TO25', 'H2DS8', 'H2PF1', 'H2FS6', 'H1GH52', 'H1FS4', 'H1WP5', 'H2DS2', 'H2EE14', 'H2PF24', 'H2PR3', 'H2PF14', 'H1WP10', 'H1WP14', 'H1DS7', 'H1FS18', 'H1PF36'],50,26,27
295,0.7334123222748815,['H2FS18', 'H2ED17', 'S62P', 'H1ED16', 'H1PF2', 'H1WP14', 'H2FS14', 'H1TO3', 'H1PF16', 'H2PF26', 'H2GH25', 'H2FS1', 'H2PF27', 'H2TO25', 'H2DS8', 'H2PF1', 'H2FS6', 'H1GH52', 'H1FS4', 'H1WP5', 'H2DS2', 'H2EE14', 'H2PF24', 'H2PR3', 'H2PF14', 'H1WP10', 'H1WP14', 'H1DS7', 'H1FS18', 'H1PF36'],50,26,27
296,0.7334123222748815,['H2FS18', 'H2ED17', 'S62P', 'H1ED16', 'H1PF2', 'H1WP14', 'H2FS14', 'H1TO3', 'H1PF16', 'H2PF26', 'H2GH25', 'H2FS1', 'H2PF27', 'H2TO25', 'H2DS8', 'H2PF1', 'H2FS6', 'H1GH52', 'H1FS4', 'H1WP5', 'H2DS2', 'H2EE14', 'H2PF24', 'H2PR3', 'H2PF14', 'H1WP10', 'H1WP14', 'H1DS7', 'H1FS18', 'H1PF36'],50,26,27
297,0.7334123222748815,['H2FS18', 'H2ED17', 'S62P', 'H1ED16', 'H1PF2', 'H1WP14', 'H2FS14', 'H1TO3', 'H1PF16', 'H2PF26', 'H2GH25', 'H2FS1', 'H2PF27', 'H2TO25', 'H2DS8', 'H2PF1', 'H2FS6', 'H1GH52', 'H1FS4', 'H1WP5', 'H2DS2', 'H2EE14', 'H2PF24', 'H2PR3', 'H2PF14', 'H1WP10', 'H1WP14', 'H1DS7', 'H1FS18', 'H1PF36'],50,26,27
298,0.7334123222748815,['H2FS18', 'H2ED17', 'S62P', 'H1ED16', 'H1PF2', 'H1WP14', 'H2FS14', 'H1TO3', 'H1PF16', 'H2PF26', 'H2GH25', 'H2FS1', 'H2PF27', 'H2TO25', 'H2DS8', 'H2PF1', 'H2FS6', 'H1GH52', 'H1FS4', 'H1WP5', 'H2DS2', 'H2EE14', 'H2PF24', 'H2PR3', 'H2PF14', 'H1WP10', 'H1WP14', 'H1DS7', 'H1FS18', 'H1PF36'],50,26,27
299,0.7334123222748815,['H2FS18', 'H2ED17', 'S62P', 'H1ED16', 'H1PF2', 'H1WP14', 'H2FS14', 'H1TO3', 'H1PF16', 'H2PF26', 'H2GH25', 'H2FS1', 'H2PF27', 'H2TO25', 'H2DS8', 'H2PF1', 'H2FS6', 'H1GH52', 'H1FS4', 'H1WP5', 'H2DS2', 'H2EE14', 'H2PF24', 'H2PR3', 'H2PF14', 'H1WP10', 'H1WP14', 'H1DS7', 'H1FS18', 'H1PF36'],50,26,27
